"Ancestry";"Type of offence";"2000";"2002";"2004";"2005";"2006";"2007";"2008";"2009";"2010";"2011";"2012";"2013";"2014";"2015";"2016";"2017";"2018";"2019";"2020";"2021";"2022"
"Total";"Criminal decisions total";124659;108320;142821;165749;152891;131368;130903;137753;143953;154169;160931;160411;162852;157611;154265;145423;144451;157946;176608;169737;163051
"Total";"Criminal code, total";31953;31300;32923;33083;30153;24978;25532;28006;29973;29993;29211;27029;25481;24300;23041;20940;20949;21520;23428;22283;22417
"Total";"Sexual offenses, total";523;591;662;752;645;560;559;629;663;589;635;582;515;553;573;609;629;1385;1020;996;1029
"Total";"Incest, etc.";30;34;35;30;28;30;34;28;34;18;19;20;12;16;10;8;9;12;8;17;10
"Total";"Rape, etc";74;66;53;58;55;66;51;59;55;45;59;48;36;49;66;86;69;74;103;118;125
"Total";"Heterosexual offences with children under 12 years";45;55;51;42;54;40;45;45;56;60;49;40;3;0;2;0;0;0;0;0;1
"Total";"Sexual offence against child under 12 years (New from 2013)";0;0;0;0;0;0;0;0;0;0;0;19;47;47;42;41;40;56;46;51;32
"Total";"Heterosexual offences, other";47;51;70;120;101;74;85;124;92;80;101;62;7;2;0;0;0;0;0;0;0
"Total";"Sexual offence against child under 15 years (New from 2013)";0;0;0;0;0;0;0;0;0;0;0;18;66;71;86;62;64;78;72;66;65
"Total";"Sexual offence, other (New from 2013)";0;0;0;0;0;0;0;0;0;0;0;6;15;21;20;26;30;33;37;12;7
"Total";"Homosexual offences, with children under 12 years";10;4;9;6;9;6;4;6;3;1;2;1;0;0;0;0;0;0;0;0;0
"Total";"Homosexual offences, other";11;11;12;7;4;4;6;2;7;5;6;0;0;0;0;0;0;0;0;0;0
"Total";"Offences against decency, by  pawing";88;92;107;117;101;94;78;100;113;85;95;96;84;105;91;106;109;91;122;127;113
"Total";"Offences against decency, by removing clothes";72;100;90;105;76;66;48;62;63;59;82;67;83;71;67;60;66;70;108;92;96
"Total";"Offences against decency, other";106;105;121;118;107;103;92;81;115;107;99;103;88;111;123;124;168;503;250;235;252
"Total";"Prostitution, etc.";40;73;114;149;110;77;116;122;125;129;123;102;74;60;66;96;74;468;274;278;328
"Total";"Crimes of violence, total";5896;6539;7480;7804;7726;6866;6879;7008;7700;7121;6793;5981;5359;5518;5475;6014;6098;6059;6688;5921;5939
"Total";"Assault against public servant while in discharge of his duties";828;964;1276;1453;1493;1164;1089;1186;1456;1346;1348;1259;1210;1318;1320;1562;1614;1578;1796;1629;1668
"Total";"Disturbance of public order";5;2;2;1;3;23;21;11;84;16;30;10;29;61;70;48;41;78;96;44;96
"Total";"Homicide";32;28;28;31;27;15;21;31;52;22;30;21;20;30;19;29;27;19;31;27;21
"Total";"Attempted homicide";19;16;11;13;12;15;21;28;25;26;21;37;23;28;34;33;28;33;31;34;30
"Total";"Coercive control etc";0;0;0;0;0;0;0;0;0;0;0;0;0;0;0;0;0;0;1;4;20
"Total";"Common assault";3599;3926;4334;4327;4279;3990;4022;3963;4049;3856;3609;3027;2714;2654;2631;2874;2847;2716;2979;2485;2536
"Total";"Grievous assault";688;747;867;939;913;829;888;919;913;921;862;806;628;631;651;678;754;833;735;724;679
"Total";"Particularly grievous assault";39;11;36;18;21;18;16;15;13;12;10;9;5;9;3;3;7;5;2;10;12
"Total";"Assault, unprovoked";0;0;0;0;0;0;0;0;1;0;0;0;0;0;0;0;0;0;0;0;0
"Total";"Intentional bodily harm";0;0;1;1;1;0;0;0;0;0;0;0;0;0;0;0;0;0;0;0;0
"Total";"Homicide by negligence/bodily harm";11;13;8;9;12;5;4;6;14;6;13;7;11;10;12;10;11;9;14;10;6
"Total";"Other offences against life and limb";72;71;101;88;87;84;78;85;121;107;84;82;83;75;81;93;106;88;107;136;107
"Total";"Offences against personal liberty";70;101;90;106;75;62;62;68;97;96;115;83;75;87;83;93;75;63;92;95;98
"Total";"Threats";533;660;726;818;803;661;657;696;875;713;671;640;561;615;571;591;588;637;804;723;666
"Total";"Offenses against property, total";24551;22932;23175;22811;20140;16254;16723;18960;20016;20645;20264;18847;18010;16728;15490;12865;12880;12644;13966;13493;13501
"Total";"Forgery";478;500;583;662;524;303;348;333;425;511;401;406;322;309;311;384;244;182;259;241;225
"Total";"Cheque forgery";401;334;274;159;159;48;37;46;53;44;36;8;3;9;4;2;4;3;0;0;0
"Total";"Arson";159;207;166;197;186;141;194;195;187;192;160;146;148;127;125;123;129;124;155;170;118
"Total";"Burglary (banks, shops, etc.)";1149;1106;1156;1066;921;651;685;774;962;914;772;657;554;531;449;409;277;278;346;286;230
"Total";"Household burglary";634;560;564;606;554;487;506;615;689;762;782;645;543;434;429;312;266;279;255;227;210
"Total";"Burglary (uninhabited buildings)";185;179;175;184;153;145;135;155;190;181;173;167;134;104;119;96;68;63;77;84;75
"Total";"Theft from cars, boats, etc.";468;423;410;378;347;266;245;269;245;197;207;150;133;108;101;55;69;79;72;88;82
"Total";"Shoplifting, etc.";9785;8501;9509;8724;7469;6287;6682;7941;7899;8189;8117;7996;8135;7880;7111;5811;6723;6526;6887;6342;6911
"Total";"Other theft";2539;2617;2455;2576;2470;1936;2088;2310;2519;2737;2727;2384;2145;1874;1630;1232;1260;1149;1224;1218;1040
"Total";"Theft of vehicle";1363;1298;1016;966;765;642;601;719;794;731;597;524;451;384;390;423;408;360;368;383;370
"Total";"Theft of mopeds";230;364;426;450;402;337;285;234;236;180;173;117;93;73;48;36;48;43;41;33;28
"Total";"Theft of bicycles";389;300;325;328;251;207;171;167;189;167;224;191;224;164;121;89;93;118;132;128;153
"Total";"Theft of other objects";265;313;274;271;246;256;282;320;336;354;318;297;259;202;179;189;183;166;162;161;140
"Total";"Larceny by finding";418;389;396;386;297;239;247;307;350;435;432;356;319;274;204;200;180;136;199;194;142
"Total";"Embezzlement";297;304;241;211;179;126;135;174;152;154;167;144;150;174;118;77;43;72;92;65;75
"Total";"Fraud";1422;1290;1093;1148;1074;720;802;850;1068;1133;1321;1513;1446;1399;1707;1289;955;1040;1282;1442;1347
"Total";"Fraud by cheque";101;67;46;37;28;16;20;24;28;28;17;13;9;4;2;0;0;0;0;0;0
"Total";"Fraud of agent";80;80;97;63;57;39;51;29;51;55;47;61;64;41;59;62;44;40;36;40;30
"Total";"Blackmail and usury";13;50;61;52;51;41;23;59;48;57;84;70;61;33;38;50;58;62;58;63;69
"Total";"Fraud against creditors";45;32;50;25;36;22;25;16;28;38;46;28;40;37;31;14;9;4;11;15;13
"Total";"Handling stolen goods";1209;1176;1143;1127;945;667;611;634;769;900;897;757;708;596;519;431;345;341;436;522;516
"Total";"Robbery";670;700;605;687;588;536;616;872;828;784;688;627;481;421;398;378;317;321;384;397;303
"Total";"Gross tax evasion, etc.";46;23;24;39;60;50;21;39;73;84;67;96;74;73;88;77;51;51;44;43;57
"Total";"Malicious damage to property";1963;1844;1890;2238;2185;1952;1768;1719;1777;1675;1664;1369;1251;1162;1085;897;944;921;1190;1065;1100
"Total";"Feloniously receiving stolen goods";86;100;80;70;57;31;42;34;40;53;46;27;29;37;16;14;6;6;6;6;4
"Total";"Misappropriations and offences against property";156;175;116;161;136;109;103;125;80;90;101;98;234;278;208;215;156;280;250;280;263
"Total";"Other offences, total";2191;2546;3099;3269;3018;2288;2365;2562;2979;3012;2966;2921;2716;2608;2434;2306;2273;2378;2893;2952;2993
"Total";"Offences against public authority, etc.";474;502;846;920;985;631;582;704;773;816;829;802;800;703;631;648;783;740;1043;1047;1110
"Total";"Offences by public servants";9;15;14;6;17;12;8;15;13;15;23;15;21;20;20;37;15;29;23;46;27
"Total";"Perjury";66;49;76;70;83;64;35;30;34;55;66;49;45;43;49;23;20;16;24;19;9
"Total";"Perjury, other";504;610;621;676;552;360;442;411;550;512;518;510;449;455;429;386;304;261;283;330;330
"Total";"Offences concerning money and evidence";89;116;196;181;131;133;95;94;137;149;177;145;160;127;111;128;91;122;101;94;150
"Total";"Trafficking of drugs, etc.";300;395;491;539;472;404;442;414;490;574;474;507;506;592;525;428;438;453;511;502;533
"Total";"Smuggling, etc. of drugs";104;106;132;119;136;184;101;83;113;88;137;116;60;78;58;49;58;90;127;169;98
"Total";"General public offences";3;14;21;12;12;15;59;189;336;234;189;190;114;104;143;165;166;143;141;127;118
"Total";"Illegal trade, etc.";30;21;18;13;12;30;3;6;8;4;7;8;2;4;3;1;3;0;1;0;0
"Total";"Family relation offences";19;22;15;14;24;9;13;7;9;18;18;8;14;17;13;11;9;11;12;15;7
"Total";"Homicide by negligence in traffic accidents";236;229;176;166;150;42;59;61;67;51;140;139;134;104;115;123;129;122;154;133;120
"Total";"Warnings";145;160;153;159;134;116;118;101;118;97;58;89;63;1;1;2;0;0;0;0;0
"Total";"Privacy infringement, defamation";212;307;340;394;310;288;408;447;331;399;330;343;348;360;336;305;257;391;473;470;491
"Total";"Trafic law, total";86180;70855;100005;120433;109210;94815;93887;97243;100512;102213;106915;108569;105758;101245;98963;93819;90320;96416;123924;118694;102598
"Total";"Traffic acc., unspecified";0;0;0;0;0;5;9;14;14;27;31;42;43;21;48;23;22;10;23;29;29
"Total";"Traffic acc. under influence of alcohol";1781;1812;1716;1398;1127;1252;1245;1259;1179;1069;1145;1009;936;867;853;798;732;751;810;832;813
"Total";"Drunken driving";8135;8958;9919;9668;8832;6650;6866;6944;7033;7048;8391;7536;6970;6309;5592;4478;6239;6243;6246;5554;5595
"Total";"Vehicle defect offences";2494;3959;7419;6907;5979;4668;4491;6252;5465;6382;6046;3920;3697;2676;1929;2166;1918;2637;3198;3216;2712
"Total";"Road Traffic Act, other";73770;56126;80951;102460;93272;82240;81276;82774;86821;87687;91302;96062;94112;91372;90541;86354;81409;86775;113647;109063;93449
"Total";"Special laws, total";12676;12488;18016;21486;22463;17880;18088;19913;21536;31926;37545;36222;43442;42606;41655;39098;43217;51127;41000;39548;48941
"Total";"Euphoriants Act";5696;5870;7277;9594;10488;8263;9088;9374;9280;10800;11919;11885;13224;11446;9891;9383;12233;13457;12028;10483;11278
"Total";"Firearms Act";1553;1820;2228;2342;2331;1900;1917;2269;1984;1986;1837;1874;1872;1800;1972;2200;3660;6570;4353;3261;2333
"Total";"Income Tax And Fiscal Acts";330;251;244;273;312;259;196;189;285;423;959;1599;1638;1173;964;965;1050;1318;1972;2048;1838
"Total";"Other special laws.";1330;967;2775;3225;2991;2362;2001;2281;2928;10022;13070;11847;17684;20486;19448;16321;16148;19720;12596;13713;22703
"Total";"Health and social security legislation";401;321;510;559;410;366;515;570;624;645;567;453;401;367;383;476;587;610;1761;3945;1158
"Total";"Building and housing legislation";43;42;35;37;43;20;27;35;34;33;34;32;37;29;30;27;12;18;25;29;36
"Total";"Environmental Act";754;807;778;860;811;545;537;687;803;1012;1104;1057;1182;962;754;677;1216;1250;1612;1625;1829
"Total";"Other legislation applying to animals, hunting, etc";579;576;1140;1529;1751;1413;1456;1713;2485;3424;3438;2850;2367;1999;1681;1572;1716;1868;1945;1827;1782
"Total";"Employ. and transport legislation, other";1034;950;1766;1700;1852;1302;1191;1419;1720;2147;2268;1613;2103;1909;1950;2042;1983;2584;2693;1591;2038
"Total";"Companies Act";189;111;94;100;59;65;41;46;76;92;220;302;187;122;339;154;56;149;355;343;627
"Total";"Other legislation applying to the Armed Forces";207;284;438;514;561;672;472;589;558;415;514;1304;1396;1270;3471;4521;3808;2726;1016;271;2640
"Total";"Legislation applying to public utilities";65;71;77;91;122;91;76;150;136;106;188;71;90;53;37;55;53;38;51;27;33
"Total";"Other legislation relating to gambling, licencing, trade";486;404;636;631;710;587;542;556;593;798;1334;1299;1114;940;680;647;607;717;504;301;597
"Total";"Other special laws";9;14;18;31;22;35;29;35;30;23;93;36;147;50;55;58;88;102;89;84;49
"Persons of Danish origin";"Criminal decisions total";110854;95074;125123;145559;132262;113725;112581;116978;121611;130401;134551;134103;134886;129337;126230;116522;113111;123181;136297;129134;124175
"Persons of Danish origin";"Criminal code, total";26333;25447;26409;26657;24026;19998;20270;22107;23459;23269;22528;20630;19188;18061;16962;14959;14953;15584;16949;15803;15876
"Persons of Danish origin";"Sexual offenses, total";432;485;562;629;545;477;465;522;560;498;539;476;425;456;461;457;495;1204;771;747;773
"Persons of Danish origin";"Incest, etc.";25;32;32;27;24;29;31;25;29;18;18;17;10;15;9;7;8;10;8;17;8
"Persons of Danish origin";"Rape, etc";49;39;41;39;38;49;33;35;29;28;43;30;18;31;36;40;38;42;61;78;83
"Persons of Danish origin";"Heterosexual offences with children under 12 years";41;52;47;37;47;34;39;44;49;56;46;33;3;0;2;0;0;0;0;0;1
"Persons of Danish origin";"Sexual offence against child under 12 years (New from 2013)";0;0;0;0;0;0;0;0;0;0;0;19;44;40;39;36;37;52;43;43;31
"Persons of Danish origin";"Heterosexual offences, other";38;46;61;104;92;64;69;110;85;70;93;55;6;1;0;0;0;0;0;0;0
"Persons of Danish origin";"Sexual offence against child under 15 years (New from 2013)";0;0;0;0;0;0;0;0;0;0;0;17;62;67;75;54;60;73;63;56;58
"Persons of Danish origin";"Sexual offence, other (New from 2013)";0;0;0;0;0;0;0;0;0;0;0;6;11;20;16;19;22;25;24;10;6
"Persons of Danish origin";"Homosexual offences, with children under 12 years";10;4;9;5;8;5;4;6;3;1;2;1;0;0;0;0;0;0;0;0;0
"Persons of Danish origin";"Homosexual offences, other";11;9;10;6;4;2;5;2;4;5;6;0;0;0;0;0;0;0;0;0;0
"Persons of Danish origin";"Offences against decency, by  pawing";66;58;81;82;76;75;58;75;93;62;69;60;64;73;62;65;71;61;84;89;76
"Persons of Danish origin";"Offences against decency, by removing clothes";59;86;73;88;59;58;35;55;54;45;62;53;65;58;52;42;50;53;87;65;69
"Persons of Danish origin";"Offences against decency, other";96;93;106;102;92;89;83;61;101;97;90;89;76;97;108;104;140;464;205;195;199
"Persons of Danish origin";"Prostitution, etc.";37;66;102;139;105;72;108;109;113;116;110;96;66;54;62;90;69;424;196;194;242
"Persons of Danish origin";"Crimes of violence, total";4757;5278;5870;6302;6112;5516;5438;5446;6009;5565;5265;4604;4033;4126;4036;4274;4318;4345;4773;4193;4277
"Persons of Danish origin";"Assault against public servant while in discharge of his duties";665;725;981;1135;1148;926;858;911;1109;1011;1037;963;923;1003;974;1169;1209;1218;1357;1216;1222
"Persons of Danish origin";"Disturbance of public order";1;1;2;1;3;23;17;6;80;16;24;6;23;59;68;41;38;57;75;37;75
"Persons of Danish origin";"Homicide";23;24;21;27;17;14;13;24;39;16;21;18;13;20;14;22;20;16;25;18;10
"Persons of Danish origin";"Attempted homicide";14;11;3;11;9;12;16;17;16;23;14;20;12;14;19;15;14;13;14;18;16
"Persons of Danish origin";"Coercive control etc";0;0;0;0;0;0;0;0;0;0;0;0;0;0;0;0;0;0;0;2;16
"Persons of Danish origin";"Common assault";2967;3279;3458;3589;3480;3253;3207;3112;3181;3056;2842;2387;2101;1998;1959;2064;2012;1952;2107;1753;1855
"Persons of Danish origin";"Grievous assault";516;580;643;734;672;648;689;706;712;710;632;559;430;436;466;395;461;505;464;426;432
"Persons of Danish origin";"Particularly grievous assault";31;11;28;9;15;17;13;14;11;10;8;6;4;7;1;2;6;4;2;8;9
"Persons of Danish origin";"Assault, unprovoked";0;0;0;0;0;0;0;0;1;0;0;0;0;0;0;0;0;0;0;0;0
"Persons of Danish origin";"Intentional bodily harm";0;0;0;1;1;0;0;0;0;0;0;0;0;0;0;0;0;0;0;0;0
"Persons of Danish origin";"Homicide by negligence/bodily harm";11;12;6;8;12;5;4;6;11;5;12;7;11;8;9;8;8;6;12;10;5
"Persons of Danish origin";"Other offences against life and limb";53;61;76;69;70;70;68;72;95;87;71;53;57;47;52;73;72;61;70;99;83
"Persons of Danish origin";"Offences against personal liberty";56;80;67;73;55;43;47;46;75;72;80;69;52;69;50;56;44;44;57;72;52
"Persons of Danish origin";"Threats";420;494;585;645;630;505;506;532;679;559;524;516;407;465;424;429;434;469;590;534;502
"Persons of Danish origin";"Offenses against property, total";20277;18654;18589;18270;16020;12912;13244;15008;15666;15988;15617;14399;13576;12376;11438;9240;9224;9042;10139;9592;9497
"Persons of Danish origin";"Forgery";374;375;452;459;364;230;258;244;315;371;287;278;225;186;196;168;117;94;151;129;131
"Persons of Danish origin";"Cheque forgery";369;307;240;141;137;42;35;43;45;33;28;3;3;7;4;2;3;1;0;0;0
"Persons of Danish origin";"Arson";141;183;140;168;155;114;158;146;158;142;134;111;125;101;101;101;108;88;114;137;96
"Persons of Danish origin";"Burglary (banks, shops, etc.)";1033;930;985;906;772;546;559;641;768;732;609;516;430;370;318;302;210;201;270;206;175
"Persons of Danish origin";"Household burglary";564;486;489;496;447;379;404;496;525;559;552;475;371;313;326;229;213;212;185;166;168
"Persons of Danish origin";"Burglary (uninhabited buildings)";178;170;162;173;134;136;115;147;168;164;155;151;114;92;104;88;62;54;68;79;63
"Persons of Danish origin";"Theft from cars, boats, etc.";393;364;350;320;299;224;205;233;198;160;159;115;103;79;61;41;51;53;60;63;61
"Persons of Danish origin";"Shoplifting, etc.";7590;6442;7167;6579;5659;4691;5094;6031;5940;6082;6064;5970;5902;5725;5133;4098;4661;4547;4890;4484;4739
"Persons of Danish origin";"Other theft";2157;2205;2024;2126;1985;1552;1639;1864;2020;2173;2170;1844;1650;1377;1190;904;957;854;934;890;722
"Persons of Danish origin";"Theft of vehicle";1230;1136;923;868;667;562;532;636;678;645;516;449;378;299;318;341;299;287;286;280;273
"Persons of Danish origin";"Theft of mopeds";198;303;368;383;343;268;240;206;200;148;139;100;78;50;32;34;35;33;35;28;23
"Persons of Danish origin";"Theft of bicycles";340;245;258;272;205;163;134;137;146;131;166;148;162;117;90;60;62;90;90;88;115
"Persons of Danish origin";"Theft of other objects";221;275;235;236;211;222;231;263;280;293;256;245;199;149;132;139;135;127;129;124;105
"Persons of Danish origin";"Larceny by finding";361;330;337;323;246;188;203;249;292;363;348;268;240;219;163;154;152;104;150;125;103
"Persons of Danish origin";"Embezzlement";275;283;222;197;155;119;112;150;141;133;148;133;133;152;102;68;37;50;68;56;58
"Persons of Danish origin";"Fraud";1162;1078;862;905;823;563;642;656;846;873;1026;1187;1114;1069;1262;966;675;753;932;978;953
"Persons of Danish origin";"Fraud by cheque";91;62;33;32;26;16;18;23;22;20;13;12;9;4;2;0;0;0;0;0;0
"Persons of Danish origin";"Fraud of agent";53;62;76;49;47;34;44;24;43;45;38;55;59;39;51;56;37;34;28;33;24
"Persons of Danish origin";"Blackmail and usury";11;34;40;39;38;24;12;41;32;42;55;35;44;26;22;28;30;36;29;38;44
"Persons of Danish origin";"Fraud against creditors";39;28;46;21;32;20;23;15;26;32;41;26;38;33;29;12;9;4;10;12;11
"Persons of Danish origin";"Handling stolen goods";1004;974;942;943;774;545;470;518;597;688;682;566;535;445;388;282;262;246;294;348;339
"Persons of Danish origin";"Robbery";480;488;366;413;371;341;416;553;524;499;428;361;299;256;263;222;200;188;218;247;180
"Persons of Danish origin";"Gross tax evasion, etc.";40;21;21;27;43;40;17;36;62;71;54;76;63;55;68;58;39;31;31;30;40
"Persons of Danish origin";"Malicious damage to property";1788;1661;1706;2004;1939;1774;1565;1523;1554;1474;1426;1179;1083;976;911;744;768;757;992;856;902
"Persons of Danish origin";"Feloniously receiving stolen goods";74;85;61;59;44;24;33;28;30;45;34;20;25;31;13;12;4;4;1;4;3
"Persons of Danish origin";"Misappropriations and offences against property";111;127;84;131;104;95;85;105;56;70;89;76;194;206;159;131;98;194;174;191;169
"Persons of Danish origin";"Other offences, total";1812;2048;2518;2620;2390;1846;1899;1993;2247;2223;2116;2067;1880;1831;1641;1524;1529;1631;2038;1980;2011
"Persons of Danish origin";"Offences against public authority, etc.";375;365;647;690;741;480;451;491;538;538;508;528;496;410;370;377;501;467;677;679;720
"Persons of Danish origin";"Offences by public servants";9;14;13;6;17;12;7;15;12;14;21;12;19;17;17;30;14;25;22;44;26
"Persons of Danish origin";"Perjury";47;39;66;64;68;50;24;25;25;43;51;33;33;25;30;20;14;12;16;10;9
"Persons of Danish origin";"Perjury, other";390;463;491;514;397;290;326;303;376;330;331;296;258;259;225;193;161;129;170;162;179
"Persons of Danish origin";"Offences concerning money and evidence";68;82;153;128;95;95;70;62;103;118;138;93;121;93;73;96;60;85;74;60;105
"Persons of Danish origin";"Trafficking of drugs, etc.";269;365;427;467;417;343;381;363;425;513;410;416;398;495;431;318;318;338;395;364;372
"Persons of Danish origin";"Smuggling, etc. of drugs";84;78;104;93;111;149;70;61;89;68;103;80;45;62;48;37;42;68;88;114;64
"Persons of Danish origin";"General public offences";3;12;19;12;11;14;46;146;272;168;142;140;83;78;86;108;105;106;104;92;88
"Persons of Danish origin";"Illegal trade, etc.";29;17;13;11;12;22;3;6;3;3;5;8;2;3;2;0;2;0;0;0;0
"Persons of Danish origin";"Family relation offences";11;11;7;8;10;4;9;1;4;11;9;6;11;13;7;5;5;6;5;9;5
"Persons of Danish origin";"Homicide by negligence in traffic accidents";222;208;159;153;135;39;50;53;56;43;124;132;115;88;94;108;110;110;127;100;93
"Persons of Danish origin";"Warnings";118;137;126;132;116;93;100;81;104;76;46;73;51;1;1;2;0;0;0;0;0
"Persons of Danish origin";"Privacy infringement, defamation";187;257;293;342;260;255;362;386;240;298;228;250;248;287;257;230;197;285;360;346;350
"Persons of Danish origin";"Trafic law, total";78682;64272;90238;108534;96624;83820;82508;84286;86418;87645;89961;91733;88240;83669;82055;76433;71123;75301;95963;91214;77922
"Persons of Danish origin";"Traffic acc., unspecified";0;0;0;0;0;4;7;12;12;24;29;36;37;17;37;17;12;9;19;19;22
"Persons of Danish origin";"Traffic acc. under influence of alcohol";1668;1698;1610;1324;1048;1172;1147;1157;1067;969;1047;904;834;762;766;694;645;637;697;702;699
"Persons of Danish origin";"Drunken driving";7666;8384;9278;8994;8209;6192;6319;6267;6358;6304;7383;6578;6031;5352;4711;3812;5026;4944;4989;4462;4355
"Persons of Danish origin";"Vehicle defect offences";2345;3682;6873;6430;5486;4177;4017;5553;4836;5678;5357;3449;3254;2359;1681;1903;1683;2309;2908;2869;2459
"Persons of Danish origin";"Road Traffic Act, other";67003;50508;72477;91786;81881;72275;71018;71297;74145;74670;76145;80766;78084;75179;74860;70007;63757;67402;87350;83162;70387
"Persons of Danish origin";"Special laws, total";10909;10489;14885;17716;18563;14826;14893;16119;17672;26963;31317;29823;35808;35049;33662;30687;33701;39653;31031;29059;37624
"Persons of Danish origin";"Euphoriants Act";4974;4942;6084;7927;8594;6766;7322;7452;7336;8740;9631;9564;10626;9012;7494;7022;9018;9842;8570;7330;7973
"Persons of Danish origin";"Firearms Act";1258;1462;1814;1892;1864;1510;1522;1820;1640;1683;1437;1384;1389;1304;1434;1704;3031;5591;3545;2494;1690
"Persons of Danish origin";"Income Tax And Fiscal Acts";288;216;207;227;231;200;146;143;209;228;683;1145;1227;882;707;724;760;988;1454;1489;1322
"Persons of Danish origin";"Other special laws.";1112;754;2255;2620;2528;1949;1633;1749;2478;8901;11206;10009;15007;17338;16301;13248;13038;15639;9801;10396;18143
"Persons of Danish origin";"Health and social security legislation";351;277;427;454;335;273;398;436;477;453;414;322;270;253;270;333;435;425;1266;2367;793
"Persons of Danish origin";"Building and housing legislation";40;39;33;36;42;17;25;33;32;29;28;31;33;19;21;25;11;14;23;25;30
"Persons of Danish origin";"Environmental Act";713;763;727;769;592;484;487;649;747;928;973;963;1052;888;659;597;1082;1103;1433;1393;1537
"Persons of Danish origin";"Other legislation applying to animals, hunting, etc";561;568;1077;1458;1645;1337;1380;1593;2310;3209;3230;2666;2194;1857;1511;1440;1550;1687;1740;1654;1575
"Persons of Danish origin";"Employ. and transport legislation, other";905;786;1250;1222;1510;1121;1016;1134;1319;1657;1784;1195;1605;1528;1424;1090;1148;1401;1624;1108;1315
"Persons of Danish origin";"Companies Act";90;63;39;57;46;55;34;40;62;84;201;286;175;111;298;132;47;129;275;278;509
"Persons of Danish origin";"Other legislation applying to the Armed Forces";174;227;383;444;466;551;404;479;441;320;412;1073;1108;1011;2934;3772;2992;2182;801;222;2217
"Persons of Danish origin";"Legislation applying to public utilities";61;66;73;83;116;88;73;138;125;103;180;67;79;52;31;46;43;34;42;22;28
"Persons of Danish origin";"Other legislation relating to gambling, licencing, trade";375;315;500;499;573;444;427;426;466;607;1051;1085;904;748;539;503;484;552;388;230;463
"Persons of Danish origin";"Other special laws";7;11;16;28;21;31;26;27;30;21;87;33;139;46;39;51;62;66;69;51;29
"Immigrants, total";"Criminal decisions total";12086;11286;14952;17070;17129;14524;14766;16603;17380;18461;19943;19598;20520;20737;20262;20691;22264;24386;27976;28032;27016
"Immigrants, total";"Criminal code, total";4843;4956;5443;5328;4981;3998;4077;4489;4731;4909;4728;4455;4352;4201;4039;3829;3956;3769;4124;4065;4188
"Immigrants, total";"Sexual offenses, total";81;93;91;109;91;74;71;91;89;78;84;96;76;79;87;124;112;109;190;186;193
"Immigrants, total";"Incest, etc.";5;2;3;3;4;1;3;3;5;0;1;3;2;1;1;1;1;2;0;0;2
"Immigrants, total";"Rape, etc";21;22;12;15;16;14;11;20;21;15;15;17;13;14;25;40;28;24;28;26;30
"Immigrants, total";"Heterosexual offences with children under 12 years";4;3;3;3;7;6;5;1;7;4;2;7;0;0;0;0;0;0;0;0;0
"Immigrants, total";"Sexual offence against child under 12 years (New from 2013)";0;0;0;0;0;0;0;0;0;0;0;0;2;7;1;5;3;3;3;8;1
"Immigrants, total";"Heterosexual offences, other";7;4;8;12;7;10;11;8;6;7;7;7;1;1;0;0;0;0;0;0;0
"Immigrants, total";"Sexual offence against child under 15 years (New from 2013)";0;0;0;0;0;0;0;0;0;0;0;0;3;4;7;6;2;4;7;7;2
"Immigrants, total";"Sexual offence, other (New from 2013)";0;0;0;0;0;0;0;0;0;0;0;0;3;0;2;7;5;6;9;1;1
"Immigrants, total";"Homosexual offences, with children under 12 years";0;0;0;1;1;0;0;0;0;0;0;0;0;0;0;0;0;0;0;0;0
"Immigrants, total";"Homosexual offences, other";0;2;2;1;0;1;0;0;3;0;0;0;0;0;0;0;0;0;0;0;0
"Immigrants, total";"Offences against decency, by  pawing";19;32;25;34;21;17;17;24;18;20;23;33;19;27;25;33;35;24;34;32;32
"Immigrants, total";"Offences against decency, by removing clothes";13;12;15;16;17;7;10;6;9;13;17;12;16;11;9;14;13;14;14;20;22
"Immigrants, total";"Offences against decency, other";9;10;14;15;13;13;6;18;11;7;8;11;9;9;13;14;22;21;32;28;40
"Immigrants, total";"Prostitution, etc.";3;6;9;9;5;5;8;11;9;12;11;6;8;5;4;4;3;11;63;64;63
"Immigrants, total";"Crimes of violence, total";952;1034;1276;1187;1247;1024;1044;1134;1156;1089;1017;905;841;896;921;1063;1103;991;1093;1018;971
"Immigrants, total";"Assault against public servant while in discharge of his duties";128;203;245;253;267;177;166;203;228;228;208;176;176;190;216;232;252;207;234;247;247
"Immigrants, total";"Disturbance of public order";3;1;0;0;0;0;2;0;4;0;1;2;4;0;0;2;2;8;6;2;3
"Immigrants, total";"Homicide";9;3;6;4;7;1;5;6;10;5;5;2;3;8;4;6;5;3;3;5;5
"Immigrants, total";"Attempted homicide";4;4;7;1;2;2;5;5;4;2;7;13;5;10;9;8;5;9;9;8;5
"Immigrants, total";"Coercive control etc";0;0;0;0;0;0;0;0;0;0;0;0;0;0;0;0;0;0;1;2;3
"Immigrants, total";"Common assault";529;533;676;590;620;553;587;615;604;567;510;432;410;440;465;508;532;479;541;461;444
"Immigrants, total";"Grievous assault";142;135;177;160;186;145;152;156;129;150;162;162;119;121;101;174;179;161;149;143;127
"Immigrants, total";"Particularly grievous assault";8;0;6;6;6;1;1;1;1;1;2;2;1;0;1;0;1;1;0;2;2
"Immigrants, total";"Assault, unprovoked";0;0;0;0;0;0;0;0;0;0;0;0;0;0;0;0;0;0;0;0;0
"Immigrants, total";"Intentional bodily harm";0;0;1;0;0;0;0;0;0;0;0;0;0;0;0;0;0;0;0;0;0
"Immigrants, total";"Homicide by negligence/bodily harm";0;0;2;0;0;0;0;0;2;1;0;0;0;2;0;2;1;1;2;0;1
"Immigrants, total";"Other offences against life and limb";17;7;22;12;12;12;9;11;18;16;4;17;10;16;12;7;18;11;17;19;7
"Immigrants, total";"Offences against personal liberty";12;17;19;20;14;14;8;13;15;13;22;7;15;8;26;19;14;13;8;9;25
"Immigrants, total";"Threats";100;131;115;141;133;119;109;124;141;106;96;92;98;101;87;105;94;98;123;120;102
"Immigrants, total";"Offenses against property, total";3709;3648;3903;3823;3413;2740;2783;3056;3248;3447;3341;3149;3141;3004;2750;2384;2543;2425;2609;2602;2754
"Immigrants, total";"Forgery";86;102;114;180;142;63;74;78;89;108;85;98;74;92;77;114;73;47;75;75;59
"Immigrants, total";"Cheque forgery";28;24;30;15;17;6;2;3;5;10;6;4;0;1;0;0;1;0;0;0;0
"Immigrants, total";"Arson";14;21;20;25;23;18;18;21;17;28;19;21;15;15;14;15;12;19;26;17;10
"Immigrants, total";"Burglary (banks, shops, etc.)";82;119;119;109;106;73;81;77;124;108;93;71;60;77;67;55;44;45;34;44;21
"Immigrants, total";"Household burglary";54;58;52;77;73;76;71;85;94;108;108;90;81;57;48;37;27;38;33;31;21
"Immigrants, total";"Burglary (uninhabited buildings)";6;8;11;8;13;4;11;7;16;12;8;9;11;6;9;4;3;7;8;4;6
"Immigrants, total";"Theft from cars, boats, etc.";62;49;45;41;37;28;31;25;26;25;26;20;16;14;21;8;11;12;6;15;9
"Immigrants, total";"Shoplifting, etc.";2053;1921;2141;1949;1645;1449;1429;1676;1682;1755;1704;1637;1772;1697;1519;1312;1637;1533;1585;1468;1755
"Immigrants, total";"Other theft";310;308;343;363;390;290;327;321;351;392;371;346;298;289;269;201;198;187;182;194;186
"Immigrants, total";"Theft of vehicle";98;120;58;67;61;56;43;40;58;38;45;39;37;37;27;35;42;28;35;45;39
"Immigrants, total";"Theft of mopeds";22;40;39;44;33;34;19;8;15;12;14;4;4;9;2;0;2;1;2;1;1
"Immigrants, total";"Theft of bicycles";40;45;52;48;41;34;25;20;33;27;39;34;49;29;24;23;19;16;26;23;18
"Immigrants, total";"Theft of other objects";30;31;24;25;18;23;26;28;21;33;33;24;16;24;23;11;16;16;10;12;17
"Immigrants, total";"Larceny by finding";46;48;47;43;45;40;28;46;39;55;55;58;53;42;29;30;19;17;21;49;22
"Immigrants, total";"Embezzlement";16;17;15;10;15;4;10;14;7;15;15;7;11;15;10;6;1;14;9;6;10
"Immigrants, total";"Fraud";228;192;210;217;217;130;138;156;174;200;234;239;256;232;286;195;169;149;215;262;237
"Immigrants, total";"Fraud by cheque";8;5;13;4;2;0;2;1;4;8;4;1;0;0;0;0;0;0;0;0;0
"Immigrants, total";"Fraud of agent";26;17;18;12;9;4;4;4;8;9;8;4;4;1;5;3;2;2;5;3;3
"Immigrants, total";"Blackmail and usury";1;14;15;10;8;12;11;14;11;9;16;12;12;3;9;6;10;6;11;11;6
"Immigrants, total";"Fraud against creditors";6;3;3;4;4;1;2;1;2;3;5;2;2;3;1;1;0;0;1;1;2
"Immigrants, total";"Handling stolen goods";162;153;165;151;138;96;118;84;123;163;144;137;126;99;86;89;48;46;86;83;92
"Immigrants, total";"Robbery";139;149;169;192;135;131;130;191;157;159;128;133;88;75;63;65;49;59;63;62;44
"Immigrants, total";"Gross tax evasion, etc.";5;2;3;12;17;10;4;3;10;12;13;11;11;12;14;14;8;15;10;7;11
"Immigrants, total";"Malicious damage to property";143;152;155;187;191;139;160;137;162;140;151;126;112;121;109;99;114;109;118;137;130
"Immigrants, total";"Feloniously receiving stolen goods";9;11;16;6;10;6;7;5;7;5;8;7;3;5;2;1;1;2;4;2;0
"Immigrants, total";"Misappropriations and offences against property";35;39;26;24;23;13;12;11;13;13;9;15;30;49;36;60;37;57;44;50;55
"Immigrants, total";"Other offences, total";301;398;451;496;467;334;313;386;464;514;529;508;493;401;415;404;344;379;394;427;428
"Immigrants, total";"Offences against public authority, etc.";70;96;146;154;170;94;76;130;128;180;176;142;166;134;117;136;118;128;150;130;162
"Immigrants, total";"Offences by public servants";0;1;1;0;0;0;0;0;1;1;2;3;2;1;1;5;0;3;1;1;1
"Immigrants, total";"Perjury";16;9;9;5;9;11;10;4;5;8;8;4;7;11;13;0;5;1;6;4;0
"Immigrants, total";"Perjury, other";92;121;91;126;117;51;77;72;116;118;127;127;111;112;119;112;80;73;57;88;74
"Immigrants, total";"Offences concerning money and evidence";18;29;36;49;30;34;18;25;25;20;28;39;25;24;32;21;22;27;15;19;26
"Immigrants, total";"Trafficking of drugs, etc.";25;23;54;58;40;55;46;41;55;45;46;61;75;49;48;55;45;62;50;58;61
"Immigrants, total";"Smuggling, etc. of drugs";17;27;23;22;23;27;23;21;16;18;31;29;11;12;3;7;8;7;20;33;12
"Immigrants, total";"General public offences";0;1;2;0;1;0;8;24;38;40;24;22;17;11;22;19;20;12;13;9;14
"Immigrants, total";"Illegal trade, etc.";1;4;4;2;0;8;0;0;5;1;1;0;0;1;0;1;1;0;1;0;0
"Immigrants, total";"Family relation offences";8;11;8;5;14;5;4;6;5;7;9;2;2;3;6;5;4;5;7;5;2
"Immigrants, total";"Homicide by negligence in traffic accidents";9;17;15;11;12;3;6;8;10;6;12;6;16;12;13;12;11;9;19;25;16
"Immigrants, total";"Warnings";26;21;24;26;16;20;15;19;12;19;10;13;11;0;0;0;0;0;0;0;0
"Immigrants, total";"Privacy infringement, defamation";19;38;38;38;35;26;30;36;48;51;55;60;50;31;41;31;30;52;55;55;60
"Immigrants, total";"Trafic law, total";6578;5612;8238;10110;10547;9121;9303;10474;11121;11465;12882;12664;12914;12994;12455;12830;14016;15073;19649;19279;17296
"Immigrants, total";"Traffic acc., unspecified";0;0;0;0;0;1;2;2;2;3;2;5;6;1;8;6;6;1;3;7;7
"Immigrants, total";"Traffic acc. under influence of alcohol";101;107;98;68;74;73;90;98;105;92;92;97;88;89;79;85;75;94;96;111;97
"Immigrants, total";"Drunken driving";423;519;570;608;554;410;485;608;585;642;811;757;694;703;665;536;816;880;844;743;843
"Immigrants, total";"Vehicle defect offences";119;218;393;349;332;334;320;481;410;462;461;329;287;227;170;195;169;232;200;236;173
"Immigrants, total";"Road Traffic Act, other";5935;4768;7177;9085;9587;8303;8406;9285;10019;10266;11516;11476;11839;11974;11533;12008;12950;13866;18506;18182;16176
"Immigrants, total";"Special laws, total";1490;1638;2565;3035;3059;2385;2426;2904;2881;3688;4415;4294;5201;5221;5316;5502;6000;7463;6281;6575;7399
"Immigrants, total";"Euphoriants Act";592;738;946;1291;1439;1136;1300;1400;1365;1434;1517;1465;1622;1481;1367;1316;1711;1920;1780;1624;1663
"Immigrants, total";"Firearms Act";225;271;292;323;341;280;265;308;226;192;226;238;226;240;242;254;364;588;426;416;341
"Immigrants, total";"Income Tax And Fiscal Acts";41;32;36;39;73;54;46;44;69;171;220;360;309;210;190;183;211;242;379;405;380
"Immigrants, total";"Other special laws.";188;193;432;509;364;347;303;452;358;846;1348;1284;1996;2487;2462;2345;2335;3021;1990;2357;3427
"Immigrants, total";"Health and social security legislation";46;41;78;98;63;86;92;113;121;155;115;94;101;83;85;107;117;155;365;923;288
"Immigrants, total";"Building and housing legislation";3;3;2;1;1;1;2;2;2;3;3;1;3;7;7;1;1;4;2;4;5
"Immigrants, total";"Environmental Act";39;43;50;83;203;57;46;31;49;70;109;79;108;52;76;59;93;113;118;166;233
"Immigrants, total";"Other legislation applying to animals, hunting, etc";17;8;58;65;95;71;71;106;153;191;180;169;160;127;149;123;147;162;180;151;178
"Immigrants, total";"Employ. and transport legislation, other";116;142;450;414;286;150;151;257;358;424;408;347;406;327;462;827;718;986;847;397;604
"Immigrants, total";"Companies Act";90;39;45;31;11;8;7;6;11;7;15;14;10;10;30;14;7;15;53;46;93
"Immigrants, total";"Other legislation applying to the Armed Forces";23;36;40;46;57;67;43;58;55;42;43;69;80;55;129;163;184;100;29;8;56
"Immigrants, total";"Legislation applying to public utilities";4;5;4;7;5;3;3;12;9;2;5;4;11;0;6;7;6;3;8;5;5
"Immigrants, total";"Other legislation relating to gambling, licencing, trade";104;84;130;125;120;122;94;108;105;149;221;168;163;139;102;100;90;128;92;49;109
"Immigrants, total";"Other special laws";2;3;2;3;1;3;3;7;0;2;5;2;6;3;9;3;16;26;12;24;17
"Immigrants from western countries";"Criminal decisions total";2529;2123;2818;3471;3459;2875;2998;3500;3875;4466;4870;4965;5482;5730;5819;5975;6461;7246;8515;8995;9113
"Immigrants from western countries";"Criminal code, total";753;711;708;720;823;623;646;782;870;881;887;913;951;950;852;775;844;813;982;989;1164
"Immigrants from western countries";"Sexual offenses, total";13;11;17;16;12;10;16;17;20;15;12;17;13;18;13;23;19;24;29;35;40
"Immigrants from western countries";"Incest, etc.";1;1;0;2;3;0;1;1;0;0;0;1;0;1;0;1;1;1;0;0;0
"Immigrants from western countries";"Rape, etc";1;1;0;0;1;1;0;1;3;1;1;2;1;2;2;6;0;3;2;2;4
"Immigrants from western countries";"Heterosexual offences with children under 12 years";2;0;0;0;1;1;2;0;2;0;0;0;0;0;0;0;0;0;0;0;0
"Immigrants from western countries";"Sexual offence against child under 12 years (New from 2013)";0;0;0;0;0;0;0;0;0;0;0;0;0;3;0;0;0;1;2;3;0
"Immigrants from western countries";"Heterosexual offences, other";0;0;1;0;0;1;2;1;1;2;1;1;0;0;0;0;0;0;0;0;0
"Immigrants from western countries";"Sexual offence against child under 15 years (New from 2013)";0;0;0;0;0;0;0;0;0;0;0;0;0;0;2;1;1;1;2;0;0
"Immigrants from western countries";"Sexual offence, other (New from 2013)";0;0;0;0;0;0;0;0;0;0;0;0;1;0;1;0;0;0;3;0;0
"Immigrants from western countries";"Homosexual offences, with children under 12 years";0;0;0;0;1;0;0;0;0;0;0;0;0;0;0;0;0;0;0;0;0
"Immigrants from western countries";"Homosexual offences, other";0;0;1;0;0;0;0;0;1;0;0;0;0;0;0;0;0;0;0;0;0
"Immigrants from western countries";"Offences against decency, by  pawing";4;3;3;2;2;2;3;2;3;2;2;5;2;4;3;4;5;4;1;5;2
"Immigrants from western countries";"Offences against decency, by removing clothes";4;2;4;3;1;2;1;3;5;4;2;3;4;3;2;4;4;8;6;6;7
"Immigrants from western countries";"Offences against decency, other";1;2;5;3;2;0;3;3;1;1;1;3;0;3;1;4;6;4;5;8;13
"Immigrants from western countries";"Prostitution, etc.";0;2;3;6;1;3;4;6;4;5;5;2;5;2;2;3;2;2;8;11;14
"Immigrants from western countries";"Crimes of violence, total";105;105;109;124;133;129;132;154;146;133;153;143;143;146;147;164;148;146;192;184;209
"Immigrants from western countries";"Assault against public servant while in discharge of his duties";10;18;23;26;28;24;22;23;33;20;26;27;19;34;29;25;34;21;34;42;53
"Immigrants from western countries";"Disturbance of public order";0;0;0;0;0;0;2;0;2;0;0;0;1;0;0;0;1;0;0;0;0
"Immigrants from western countries";"Homicide";0;0;0;1;1;0;1;2;1;1;2;1;0;0;1;0;0;1;0;1;0
"Immigrants from western countries";"Attempted homicide";0;1;1;0;0;0;0;1;0;0;0;3;1;0;0;1;2;2;3;1;1
"Immigrants from western countries";"Coercive control etc";0;0;0;0;0;0;0;0;0;0;0;0;0;0;0;0;0;0;0;1;0
"Immigrants from western countries";"Common assault";74;66;66;71;74;68;72;93;82;79;90;80;92;85;90;95;75;83;105;93;100
"Immigrants from western countries";"Grievous assault";10;7;11;14;16;20;20;21;16;12;18;17;13;13;8;24;23;15;25;23;25
"Immigrants from western countries";"Particularly grievous assault";1;0;0;0;1;0;0;1;0;0;1;0;1;0;1;0;0;1;0;0;0
"Immigrants from western countries";"Assault, unprovoked";0;0;0;0;0;0;0;0;0;0;0;0;0;0;0;0;0;0;0;0;0
"Immigrants from western countries";"Intentional bodily harm";0;0;0;0;0;0;0;0;0;0;0;0;0;0;0;0;0;0;0;0;0
"Immigrants from western countries";"Homicide by negligence/bodily harm";0;0;1;0;0;0;0;0;0;1;0;0;0;1;0;0;0;1;0;0;1
"Immigrants from western countries";"Other offences against life and limb";1;0;2;0;1;2;1;0;2;3;1;2;1;1;1;2;3;1;7;2;4
"Immigrants from western countries";"Offences against personal liberty";0;0;1;3;3;4;2;1;0;0;5;0;5;1;7;3;1;1;2;1;3
"Immigrants from western countries";"Threats";9;13;4;9;9;11;12;12;10;17;10;13;10;11;10;14;9;20;16;20;22
"Immigrants from western countries";"Offenses against property, total";619;563;547;539;634;459;476;564;677;701;701;714;770;750;673;558;653;608;724;707;864
"Immigrants from western countries";"Forgery";13;9;11;18;26;7;7;19;18;16;12;19;12;31;12;11;6;4;12;19;8
"Immigrants from western countries";"Cheque forgery";6;6;7;1;2;0;0;2;2;2;1;1;0;0;0;0;0;0;0;0;0
"Immigrants from western countries";"Arson";0;4;2;2;1;1;2;3;0;2;3;1;4;2;1;2;4;2;4;2;3
"Immigrants from western countries";"Burglary (banks, shops, etc.)";13;19;14;11;20;5;11;16;15;11;7;11;8;7;10;7;5;5;10;5;2
"Immigrants from western countries";"Household burglary";9;6;4;3;5;10;7;7;10;4;6;4;7;6;6;6;7;6;4;8;6
"Immigrants from western countries";"Burglary (uninhabited buildings)";2;3;5;3;4;2;3;0;3;6;3;1;5;3;2;2;0;2;6;3;4
"Immigrants from western countries";"Theft from cars, boats, etc.";7;6;1;3;2;5;2;4;8;4;2;2;3;3;2;1;3;4;3;2;2
"Immigrants from western countries";"Shoplifting, etc.";382;364;358;341;371;288;311;377;420;440;443;464;507;506;433;361;478;462;518;475;652
"Immigrants from western countries";"Other theft";41;31;39;34;72;32;42;41;65;61;60;69;62;57;69;47;54;39;49;53;55
"Immigrants from western countries";"Theft of vehicle";16;17;7;13;11;10;5;5;12;7;11;7;6;2;6;6;4;2;5;9;4
"Immigrants from western countries";"Theft of mopeds";3;4;4;6;2;5;2;1;3;2;1;0;0;1;1;0;0;0;2;1;0
"Immigrants from western countries";"Theft of bicycles";2;4;8;7;9;7;6;6;13;9;17;16;27;11;9;8;5;8;8;5;6
"Immigrants from western countries";"Theft of other objects";6;1;0;2;0;4;4;1;6;9;12;7;4;2;4;2;2;5;4;3;4
"Immigrants from western countries";"Larceny by finding";9;7;13;0;8;5;4;5;7;13;11;15;15;11;5;8;6;0;3;16;9
"Immigrants from western countries";"Embezzlement";3;5;0;5;2;1;1;3;1;3;5;1;2;1;4;1;0;1;3;1;1
"Immigrants from western countries";"Fraud";28;24;20;23;32;11;9;15;16;29;29;30;43;37;51;28;36;21;25;28;39
"Immigrants from western countries";"Fraud by cheque";2;0;2;1;1;0;0;1;0;0;1;0;0;0;0;0;0;0;0;0;0
"Immigrants from western countries";"Fraud of agent";4;1;3;0;1;3;0;1;1;2;1;1;1;0;1;0;0;0;1;1;1
"Immigrants from western countries";"Blackmail and usury";0;0;1;0;0;0;0;0;0;0;1;1;1;0;1;1;0;0;1;1;1
"Immigrants from western countries";"Fraud against creditors";0;1;0;0;2;1;1;0;1;1;0;1;0;2;0;0;0;0;0;0;0
"Immigrants from western countries";"Handling stolen goods";21;6;17;15;15;9;15;9;19;25;27;16;20;19;16;18;10;8;20;12;12
"Immigrants from western countries";"Robbery";16;12;10;9;11;8;9;13;14;11;8;8;10;11;5;7;7;7;11;17;9
"Immigrants from western countries";"Gross tax evasion, etc.";1;0;1;0;0;0;0;0;1;2;4;5;2;1;1;2;0;1;2;0;2
"Immigrants from western countries";"Malicious damage to property";32;28;17;39;34;42;35;34;37;38;34;31;28;34;25;27;19;22;22;39;31
"Immigrants from western countries";"Feloniously receiving stolen goods";1;2;3;0;1;0;0;0;2;2;0;1;0;0;1;0;0;0;1;0;0
"Immigrants from western countries";"Misappropriations and offences against property";2;3;0;3;2;3;0;1;3;2;2;2;3;3;8;13;7;9;10;7;13
"Immigrants from western countries";"Other offences, total";34;53;53;57;60;42;37;60;50;55;40;56;42;57;39;45;39;45;57;81;80
"Immigrants from western countries";"Offences against public authority, etc.";7;10;13;16;20;13;6;13;8;9;11;14;11;13;11;8;9;12;15;26;24
"Immigrants from western countries";"Offences by public servants";0;0;0;0;0;0;0;0;0;1;0;0;0;0;0;0;0;2;0;0;0
"Immigrants from western countries";"Perjury";1;1;1;0;2;0;1;0;0;0;0;2;1;2;3;0;1;0;2;0;0
"Immigrants from western countries";"Perjury, other";5;13;11;11;18;3;6;5;10;11;7;5;3;11;4;11;2;3;5;10;5
"Immigrants from western countries";"Offences concerning money and evidence";1;4;3;4;2;3;1;2;4;4;1;2;0;2;5;3;5;0;1;0;3
"Immigrants from western countries";"Trafficking of drugs, etc.";3;3;9;8;1;5;9;9;6;9;6;6;8;7;3;9;5;8;5;8;13
"Immigrants from western countries";"Smuggling, etc. of drugs";2;2;1;1;1;6;3;3;1;0;2;6;0;3;0;2;0;0;3;8;3
"Immigrants from western countries";"General public offences";0;1;2;0;1;0;2;1;5;5;3;2;1;1;0;1;2;1;3;2;2
"Immigrants from western countries";"Illegal trade, etc.";1;1;0;1;0;1;0;0;0;0;0;0;0;0;0;0;1;0;0;0;0
"Immigrants from western countries";"Family relation offences";2;1;0;0;4;0;1;1;0;0;0;1;0;2;0;0;0;1;1;0;1
"Immigrants from western countries";"Homicide by negligence in traffic accidents";3;5;3;2;3;0;2;2;2;3;2;2;5;7;5;3;4;5;5;10;5
"Immigrants from western countries";"Warnings";4;5;3;5;4;6;5;3;3;2;1;2;5;0;0;0;0;0;0;0;0
"Immigrants from western countries";"Privacy infringement, defamation";5;7;7;9;4;5;1;21;11;11;7;14;8;9;8;8;10;13;17;17;24
"Immigrants from western countries";"Trafic law, total";1607;1247;1841;2381;2227;2016;2119;2389;2683;3052;3287;3341;3577;3649;3724;4026;4285;4603;6097;6270;5886
"Immigrants from western countries";"Traffic acc., unspecified";0;0;0;0;0;1;0;0;1;0;1;0;2;0;1;4;2;0;1;2;2
"Immigrants from western countries";"Traffic acc. under influence of alcohol";48;34;37;31;29;28;40;46;52;48;43;49;45;50;46;56;35;48;48;57;55
"Immigrants from western countries";"Drunken driving";149;173;201;197;192;160;171;233;237;245;317;286;234;276;277;241;299;364;323;326;375
"Immigrants from western countries";"Vehicle defect offences";20;34;57;56;54;44;47;71;80;122;149;108;79;80;48;58;56;70;76;87;85
"Immigrants from western countries";"Road Traffic Act, other";1390;1006;1546;2097;1952;1783;1861;2039;2313;2637;2777;2898;3217;3243;3352;3667;3893;4121;5649;5798;5369
"Immigrants from western countries";"Special laws, total";270;243;384;479;561;332;330;445;467;684;918;904;1172;1363;1448;1396;1586;2154;1756;2091;2494
"Immigrants from western countries";"Euphoriants Act";116;108;149;213;230;147;146;210;191;217;274;265;340;362;354;300;407;516;494;459;495
"Immigrants from western countries";"Firearms Act";40;26;35;43;61;32;36;54;38;35;43;47;40;50;60;61;116;222;172;171;134
"Immigrants from western countries";"Income Tax And Fiscal Acts";5;5;6;7;12;5;7;7;13;17;48;100;80;39;42;45;64;66;98;92;113
"Immigrants from western countries";"Other special laws.";33;34;73;88;95;50;53;47;73;194;294;257;471;693;728;666;679;949;565;887;1198
"Immigrants from western countries";"Health and social security legislation";15;11;22;18;18;11;8;19;16;20;16;12;15;18;15;28;31;45;75;205;98
"Immigrants from western countries";"Building and housing legislation";2;1;1;0;0;0;0;0;1;1;1;0;2;1;2;0;0;1;1;1;2
"Immigrants from western countries";"Environmental Act";14;17;15;18;23;16;14;9;15;31;38;19;25;15;30;21;29;38;48;65;98
"Immigrants from western countries";"Other legislation applying to animals, hunting, etc";13;5;40;39;64;41;34;51;82;108;95;103;96;85;100;83;91;111;119;94;114
"Immigrants from western countries";"Employ. and transport legislation, other";16;14;19;35;38;16;20;27;28;34;61;45;57;59;57;121;108;132;135;95;133
"Immigrants from western countries";"Companies Act";1;2;0;1;1;0;0;2;0;2;5;7;5;2;8;4;2;2;8;5;27
"Immigrants from western countries";"Other legislation applying to the Armed Forces";2;4;1;1;7;2;0;3;1;3;2;4;3;5;15;25;33;30;16;1;31
"Immigrants from western countries";"Legislation applying to public utilities";2;3;3;3;1;1;0;2;3;1;2;1;4;0;4;3;1;1;2;2;2
"Immigrants from western countries";"Other legislation relating to gambling, licencing, trade";10;12;19;11;11;11;12;13;6;21;39;44;31;34;31;38;19;39;20;8;47
"Immigrants from western countries";"Other special laws";1;1;1;2;0;0;0;1;0;0;0;0;3;0;2;1;6;2;3;6;2
"Immigrants from non-western countries";"Criminal decisions total";9557;9163;12134;13599;13670;11649;11768;13103;13505;13995;15073;14633;15038;15007;14443;14716;15803;17140;19461;19037;17903
"Immigrants from non-western countries";"Criminal code, total";4090;4245;4735;4608;4158;3375;3431;3707;3861;4028;3841;3542;3401;3251;3187;3054;3112;2956;3142;3076;3024
"Immigrants from non-western countries";"Sexual offenses, total";68;82;74;93;79;64;55;74;69;63;72;79;63;61;74;101;93;85;161;151;153
"Immigrants from non-western countries";"Incest, etc.";4;1;3;1;1;1;2;2;5;0;1;2;2;0;1;0;0;1;0;0;2
"Immigrants from non-western countries";"Rape, etc";20;21;12;15;15;13;11;19;18;14;14;15;12;12;23;34;28;21;26;24;26
"Immigrants from non-western countries";"Heterosexual offences with children under 12 years";2;3;3;3;6;5;3;1;5;4;2;7;0;0;0;0;0;0;0;0;0
"Immigrants from non-western countries";"Sexual offence against child under 12 years (New from 2013)";0;0;0;0;0;0;0;0;0;0;0;0;2;4;1;5;3;2;1;5;1
"Immigrants from non-western countries";"Heterosexual offences, other";7;4;7;12;7;9;9;7;5;5;6;6;1;1;0;0;0;0;0;0;0
"Immigrants from non-western countries";"Sexual offence against child under 15 years (New from 2013)";0;0;0;0;0;0;0;0;0;0;0;0;3;4;5;5;1;3;5;7;2
"Immigrants from non-western countries";"Sexual offence, other (New from 2013)";0;0;0;0;0;0;0;0;0;0;0;0;2;0;1;7;5;6;6;1;1
"Immigrants from non-western countries";"Homosexual offences, with children under 12 years";0;0;0;1;0;0;0;0;0;0;0;0;0;0;0;0;0;0;0;0;0
"Immigrants from non-western countries";"Homosexual offences, other";0;2;1;1;0;1;0;0;2;0;0;0;0;0;0;0;0;0;0;0;0
"Immigrants from non-western countries";"Offences against decency, by  pawing";15;29;22;32;19;15;14;22;15;18;21;28;17;23;22;29;30;20;33;27;30
"Immigrants from non-western countries";"Offences against decency, by removing clothes";9;10;11;13;16;5;9;3;4;9;15;9;12;8;7;10;9;6;8;14;15
"Immigrants from non-western countries";"Offences against decency, other";8;8;9;12;11;13;3;15;10;6;7;8;9;6;12;10;16;17;27;20;27
"Immigrants from non-western countries";"Prostitution, etc.";3;4;6;3;4;2;4;5;5;7;6;4;3;3;2;1;1;9;55;53;49
"Immigrants from non-western countries";"Crimes of violence, total";847;929;1167;1063;1114;895;912;980;1010;956;864;762;698;750;774;899;955;845;901;834;762
"Immigrants from non-western countries";"Assault against public servant while in discharge of his duties";118;185;222;227;239;153;144;180;195;208;182;149;157;156;187;207;218;186;200;205;194
"Immigrants from non-western countries";"Disturbance of public order";3;1;0;0;0;0;0;0;2;0;1;2;3;0;0;2;1;8;6;2;3
"Immigrants from non-western countries";"Homicide";9;3;6;3;6;1;4;4;9;4;3;1;3;8;3;6;5;2;3;4;5
"Immigrants from non-western countries";"Attempted homicide";4;3;6;1;2;2;5;4;4;2;7;10;4;10;9;7;3;7;6;7;4
"Immigrants from non-western countries";"Coercive control etc";0;0;0;0;0;0;0;0;0;0;0;0;0;0;0;0;0;0;1;1;3
"Immigrants from non-western countries";"Common assault";455;467;610;519;546;485;515;522;522;488;420;352;318;355;375;413;457;396;436;368;344
"Immigrants from non-western countries";"Grievous assault";132;128;166;146;170;125;132;135;113;138;144;145;106;108;93;150;156;146;124;120;102
"Immigrants from non-western countries";"Particularly grievous assault";7;0;6;6;5;1;1;0;1;1;1;2;0;0;0;0;1;0;0;2;2
"Immigrants from non-western countries";"Assault, unprovoked";0;0;0;0;0;0;0;0;0;0;0;0;0;0;0;0;0;0;0;0;0
"Immigrants from non-western countries";"Intentional bodily harm";0;0;1;0;0;0;0;0;0;0;0;0;0;0;0;0;0;0;0;0;0
"Immigrants from non-western countries";"Homicide by negligence/bodily harm";0;0;1;0;0;0;0;0;2;0;0;0;0;1;0;2;1;0;2;0;0
"Immigrants from non-western countries";"Other offences against life and limb";16;7;20;12;11;10;8;11;16;13;3;15;9;15;11;5;15;10;10;17;3
"Immigrants from non-western countries";"Offences against personal liberty";12;17;18;17;11;10;6;12;15;13;17;7;10;7;19;16;13;12;6;8;22
"Immigrants from non-western countries";"Threats";91;118;111;132;124;108;97;112;131;89;86;79;88;90;77;91;85;78;107;100;80
"Immigrants from non-western countries";"Offenses against property, total";3090;3085;3356;3284;2779;2281;2307;2492;2571;2746;2640;2435;2371;2254;2077;1826;1890;1817;1885;1895;1890
"Immigrants from non-western countries";"Forgery";73;93;103;162;116;56;67;59;71;92;73;79;62;61;65;103;67;43;63;56;51
"Immigrants from non-western countries";"Cheque forgery";22;18;23;14;15;6;2;1;3;8;5;3;0;1;0;0;1;0;0;0;0
"Immigrants from non-western countries";"Arson";14;17;18;23;22;17;16;18;17;26;16;20;11;13;13;13;8;17;22;15;7
"Immigrants from non-western countries";"Burglary (banks, shops, etc.)";69;100;105;98;86;68;70;61;109;97;86;60;52;70;57;48;39;40;24;39;19
"Immigrants from non-western countries";"Household burglary";45;52;48;74;68;66;64;78;84;104;102;86;74;51;42;31;20;32;29;23;15
"Immigrants from non-western countries";"Burglary (uninhabited buildings)";4;5;6;5;9;2;8;7;13;6;5;8;6;3;7;2;3;5;2;1;2
"Immigrants from non-western countries";"Theft from cars, boats, etc.";55;43;44;38;35;23;29;21;18;21;24;18;13;11;19;7;8;8;3;13;7
"Immigrants from non-western countries";"Shoplifting, etc.";1671;1557;1783;1608;1274;1161;1118;1299;1262;1315;1261;1173;1265;1191;1086;951;1159;1071;1067;993;1103
"Immigrants from non-western countries";"Other theft";269;277;304;329;318;258;285;280;286;331;311;277;236;232;200;154;144;148;133;141;131
"Immigrants from non-western countries";"Theft of vehicle";82;103;51;54;50;46;38;35;46;31;34;32;31;35;21;29;38;26;30;36;35
"Immigrants from non-western countries";"Theft of mopeds";19;36;35;38;31;29;17;7;12;10;13;4;4;8;1;0;2;1;0;0;1
"Immigrants from non-western countries";"Theft of bicycles";38;41;44;41;32;27;19;14;20;18;22;18;22;18;15;15;14;8;18;18;12
"Immigrants from non-western countries";"Theft of other objects";24;30;24;23;18;19;22;27;15;24;21;17;12;22;19;9;14;11;6;9;13
"Immigrants from non-western countries";"Larceny by finding";37;41;34;43;37;35;24;41;32;42;44;43;38;31;24;22;13;17;18;33;13
"Immigrants from non-western countries";"Embezzlement";13;12;15;5;13;3;9;11;6;12;10;6;9;14;6;5;1;13;6;5;9
"Immigrants from non-western countries";"Fraud";200;168;190;194;185;119;129;141;158;171;205;209;213;195;235;167;133;128;190;234;198
"Immigrants from non-western countries";"Fraud by cheque";6;5;11;3;1;0;2;0;4;8;3;1;0;0;0;0;0;0;0;0;0
"Immigrants from non-western countries";"Fraud of agent";22;16;15;12;8;1;4;3;7;7;7;3;3;1;4;3;2;2;4;2;2
"Immigrants from non-western countries";"Blackmail and usury";1;14;14;10;8;12;11;14;11;9;15;11;11;3;8;5;10;6;10;10;5
"Immigrants from non-western countries";"Fraud against creditors";6;2;3;4;2;0;1;1;1;2;5;1;2;1;1;1;0;0;1;1;2
"Immigrants from non-western countries";"Handling stolen goods";141;147;148;136;123;87;103;75;104;138;117;121;106;80;70;71;38;38;66;71;80
"Immigrants from non-western countries";"Robbery";123;137;159;183;124;123;121;178;143;148;120;125;78;64;58;58;42;52;52;45;35
"Immigrants from non-western countries";"Gross tax evasion, etc.";4;2;2;12;17;10;4;3;9;10;9;6;9;11;13;12;8;14;8;7;9
"Immigrants from non-western countries";"Malicious damage to property";111;124;138;148;157;97;125;103;125;102;117;95;84;87;84;72;95;87;96;98;99
"Immigrants from non-western countries";"Feloniously receiving stolen goods";8;9;13;6;9;6;7;5;5;3;8;6;3;5;1;1;1;2;3;2;0
"Immigrants from non-western countries";"Misappropriations and offences against property";33;36;26;21;21;10;12;10;10;11;7;13;27;46;28;47;30;48;34;43;42
"Immigrants from non-western countries";"Other offences, total";267;345;398;439;407;292;276;326;414;459;489;452;451;344;376;359;305;334;337;346;348
"Immigrants from non-western countries";"Offences against public authority, etc.";63;86;133;138;150;81;70;117;120;171;165;128;155;121;106;128;109;116;135;104;138
"Immigrants from non-western countries";"Offences by public servants";0;1;1;0;0;0;0;0;1;0;2;3;2;1;1;5;0;1;1;1;1
"Immigrants from non-western countries";"Perjury";15;8;8;5;7;11;9;4;5;8;8;2;6;9;10;0;4;1;4;4;0
"Immigrants from non-western countries";"Perjury, other";87;108;80;115;99;48;71;67;106;107;120;122;108;101;115;101;78;70;52;78;69
"Immigrants from non-western countries";"Offences concerning money and evidence";17;25;33;45;28;31;17;23;21;16;27;37;25;22;27;18;17;27;14;19;23
"Immigrants from non-western countries";"Trafficking of drugs, etc.";22;20;45;50;39;50;37;32;49;36;40;55;67;42;45;46;40;54;45;50;48
"Immigrants from non-western countries";"Smuggling, etc. of drugs";15;25;22;21;22;21;20;18;15;18;29;23;11;9;3;5;8;7;17;25;9
"Immigrants from non-western countries";"General public offences";0;0;0;0;0;0;6;23;33;35;21;20;16;10;22;18;18;11;10;7;12
"Immigrants from non-western countries";"Illegal trade, etc.";0;3;4;1;0;7;0;0;5;1;1;0;0;1;0;1;0;0;1;0;0
"Immigrants from non-western countries";"Family relation offences";6;10;8;5;10;5;3;5;5;7;9;1;2;1;6;5;4;4;6;5;1
"Immigrants from non-western countries";"Homicide by negligence in traffic accidents";6;12;12;9;9;3;4;6;8;3;10;4;11;5;8;9;7;4;14;15;11
"Immigrants from non-western countries";"Warnings";22;16;21;21;12;14;10;16;9;17;9;11;6;0;0;0;0;0;0;0;0
"Immigrants from non-western countries";"Privacy infringement, defamation";14;31;31;29;31;21;29;15;37;40;48;46;42;22;33;23;20;39;38;38;36
"Immigrants from non-western countries";"Trafic law, total";4971;4365;6397;7729;8320;7105;7184;8085;8438;8413;9595;9323;9337;9345;8731;8804;9731;10470;13552;13009;11410
"Immigrants from non-western countries";"Traffic acc., unspecified";0;0;0;0;0;0;2;2;1;3;1;5;4;1;7;2;4;1;2;5;5
"Immigrants from non-western countries";"Traffic acc. under influence of alcohol";53;73;61;37;45;45;50;52;53;44;49;48;43;39;33;29;40;46;48;54;42
"Immigrants from non-western countries";"Drunken driving";274;346;369;411;362;250;314;375;348;397;494;471;460;427;388;295;517;516;521;417;468
"Immigrants from non-western countries";"Vehicle defect offences";99;184;336;293;278;290;273;410;330;340;312;221;208;147;122;137;113;162;124;149;88
"Immigrants from non-western countries";"Road Traffic Act, other";4545;3762;5631;6988;7635;6520;6545;7246;7706;7629;8739;8578;8622;8731;8181;8341;9057;9745;12857;12384;10807
"Immigrants from non-western countries";"Special laws, total";1220;1395;2181;2556;2498;2053;2096;2459;2414;3004;3497;3390;4029;3858;3868;4106;4414;5309;4525;4484;4905
"Immigrants from non-western countries";"Euphoriants Act";476;630;797;1078;1209;989;1154;1190;1174;1217;1243;1200;1282;1119;1013;1016;1304;1404;1286;1165;1168
"Immigrants from non-western countries";"Firearms Act";185;245;257;280;280;248;229;254;188;157;183;191;186;190;182;193;248;366;254;245;207
"Immigrants from non-western countries";"Income Tax And Fiscal Acts";36;27;30;32;61;49;39;37;56;154;172;260;229;171;148;138;147;176;281;313;267
"Immigrants from non-western countries";"Other special laws.";155;159;359;421;269;297;250;405;285;652;1054;1027;1525;1794;1734;1679;1656;2072;1425;1470;2229
"Immigrants from non-western countries";"Health and social security legislation";31;30;56;80;45;75;84;94;105;135;99;82;86;65;70;79;86;110;290;718;190
"Immigrants from non-western countries";"Building and housing legislation";1;2;1;1;1;1;2;2;1;2;2;1;1;6;5;1;1;3;1;3;3
"Immigrants from non-western countries";"Environmental Act";25;26;35;65;180;41;32;22;34;39;71;60;83;37;46;38;64;75;70;101;135
"Immigrants from non-western countries";"Other legislation applying to animals, hunting, etc";4;3;18;26;31;30;37;55;71;83;85;66;64;42;49;40;56;51;61;57;64
"Immigrants from non-western countries";"Employ. and transport legislation, other";100;128;431;379;248;134;131;230;330;390;347;302;349;268;405;706;610;854;712;302;471
"Immigrants from non-western countries";"Companies Act";89;37;45;30;10;8;7;4;11;5;10;7;5;8;22;10;5;13;45;41;66
"Immigrants from non-western countries";"Other legislation applying to the Armed Forces";21;32;39;45;50;65;43;55;54;39;41;65;77;50;114;138;151;70;13;7;25
"Immigrants from non-western countries";"Legislation applying to public utilities";2;2;1;4;4;2;3;10;6;1;3;3;7;0;2;4;5;2;6;3;3
"Immigrants from non-western countries";"Other legislation relating to gambling, licencing, trade";94;72;111;114;109;111;82;95;99;128;182;124;132;105;71;62;71;89;72;41;62
"Immigrants from non-western countries";"Other special laws";1;2;1;1;1;3;3;6;0;2;5;2;3;3;7;2;10;24;9;18;15
"Descendants, total";"Criminal decisions total";1719;1960;2746;3120;3500;3119;3556;4172;4962;5307;6437;6710;7446;7537;7773;8210;9076;10379;12335;12571;11860
"Descendants, total";"Criminal code, total";777;897;1071;1098;1146;982;1185;1410;1783;1815;1955;1944;1941;2038;2040;2152;2040;2167;2355;2415;2353
"Descendants, total";"Sexual offenses, total";10;13;9;14;9;9;23;16;14;13;12;10;14;18;25;28;22;72;59;63;63
"Descendants, total";"Incest, etc.";0;0;0;0;0;0;0;0;0;0;0;0;0;0;0;0;0;0;0;0;0
"Descendants, total";"Rape, etc";4;5;0;4;1;3;7;4;5;2;1;1;5;4;5;6;3;8;14;14;12
"Descendants, total";"Heterosexual offences with children under 12 years";0;0;1;2;0;0;1;0;0;0;1;0;0;0;0;0;0;0;0;0;0
"Descendants, total";"Sexual offence against child under 12 years (New from 2013)";0;0;0;0;0;0;0;0;0;0;0;0;1;0;2;0;0;1;0;0;0
"Descendants, total";"Heterosexual offences, other";2;1;1;4;2;0;5;6;1;3;1;0;0;0;0;0;0;0;0;0;0
"Descendants, total";"Sexual offence against child under 15 years (New from 2013)";0;0;0;0;0;0;0;0;0;0;0;1;1;0;4;2;2;1;2;3;5
"Descendants, total";"Sexual offence, other (New from 2013)";0;0;0;0;0;0;0;0;0;0;0;0;1;1;2;0;3;2;4;1;0
"Descendants, total";"Homosexual offences, with children under 12 years";0;0;0;0;0;1;0;0;0;0;0;0;0;0;0;0;0;0;0;0;0
"Descendants, total";"Homosexual offences, other";0;0;0;0;0;1;1;0;0;0;0;0;0;0;0;0;0;0;0;0;0
"Descendants, total";"Offences against decency, by  pawing";3;2;1;1;4;2;3;1;2;3;3;3;1;5;4;8;3;6;4;6;5
"Descendants, total";"Offences against decency, by removing clothes";0;2;2;1;0;1;3;1;0;1;3;2;2;2;6;4;3;3;7;7;5
"Descendants, total";"Offences against decency, other";1;2;1;1;2;1;3;2;3;3;1;3;3;5;2;6;6;18;13;12;13
"Descendants, total";"Prostitution, etc.";0;1;3;1;0;0;0;2;3;1;2;0;0;1;0;2;2;33;15;20;23
"Descendants, total";"Crimes of violence, total";187;227;334;315;367;326;397;428;535;467;511;472;485;496;518;677;677;723;822;710;691
"Descendants, total";"Assault against public servant while in discharge of his duties";35;36;50;65;78;61;65;72;119;107;103;120;111;125;130;161;153;153;205;166;199
"Descendants, total";"Disturbance of public order";1;0;0;0;0;0;2;5;0;0;5;2;2;2;2;5;1;13;15;5;18
"Descendants, total";"Homicide";0;1;1;0;3;0;3;1;3;1;4;1;4;2;1;1;2;0;3;4;6
"Descendants, total";"Attempted homicide";1;1;1;1;1;1;0;6;5;1;0;4;6;4;6;10;9;11;8;8;9
"Descendants, total";"Coercive control etc";0;0;0;0;0;0;0;0;0;0;0;0;0;0;0;0;0;0;0;0;1
"Descendants, total";"Common assault";103;114;200;148;179;184;228;236;264;233;257;208;203;216;207;302;303;285;331;271;237
"Descendants, total";"Grievous assault";30;32;47;45;55;36;47;57;72;61;68;85;79;74;84;109;114;167;122;155;120
"Descendants, total";"Particularly grievous assault";0;0;2;3;0;0;2;0;1;1;0;1;0;2;1;1;0;0;0;0;1
"Descendants, total";"Assault, unprovoked";0;0;0;0;0;0;0;0;0;0;0;0;0;0;0;0;0;0;0;0;0
"Descendants, total";"Intentional bodily harm";0;0;0;0;0;0;0;0;0;0;0;0;0;0;0;0;0;0;0;0;0
"Descendants, total";"Homicide by negligence/bodily harm";0;1;0;1;0;0;0;0;1;0;1;0;0;0;3;0;2;2;0;0;0
"Descendants, total";"Other offences against life and limb";2;3;3;7;5;2;1;2;8;4;9;12;16;12;17;13;16;16;20;18;17
"Descendants, total";"Offences against personal liberty";2;4;4;13;6;5;7;9;7;11;13;7;8;10;7;18;17;6;27;14;21
"Descendants, total";"Threats";13;35;26;32;40;37;42;40;55;48;51;32;56;49;60;57;60;70;91;69;62
"Descendants, total";"Offenses against property, total";565;630;683;718;707;602;696;896;1102;1210;1306;1299;1293;1348;1302;1241;1113;1177;1218;1299;1250
"Descendants, total";"Forgery";18;23;17;23;18;10;16;11;21;32;29;30;23;31;38;102;54;41;33;37;35
"Descendants, total";"Cheque forgery";4;3;4;3;5;0;0;0;3;1;2;1;0;1;0;0;0;2;0;0;0
"Descendants, total";"Arson";4;3;6;4;8;9;18;28;12;22;7;14;8;11;10;7;9;17;15;16;12
"Descendants, total";"Burglary (banks, shops, etc.)";34;57;52;51;43;32;45;56;70;74;70;70;64;84;64;52;23;32;42;36;34
"Descendants, total";"Household burglary";16;16;23;33;34;32;31;34;70;95;122;80;91;64;55;46;26;29;37;30;21
"Descendants, total";"Burglary (uninhabited buildings)";1;1;2;3;6;5;9;1;6;5;10;7;9;6;6;4;3;2;1;1;6
"Descendants, total";"Theft from cars, boats, etc.";13;10;15;17;11;14;9;11;21;12;22;15;14;15;19;6;7;14;6;10;12
"Descendants, total";"Shoplifting, etc.";142;138;201;196;165;147;159;234;277;352;349;389;461;458;459;401;425;446;412;390;417
"Descendants, total";"Other theft";72;104;88;87;95;94;122;125;148;172;186;194;197;208;171;127;105;108;108;134;132
"Descendants, total";"Theft of vehicle";35;42;35;31;37;24;26;43;58;48;36;36;36;48;45;47;67;45;47;58;58
"Descendants, total";"Theft of mopeds";10;21;19;23;26;35;26;20;21;20;20;13;11;14;14;2;11;9;4;4;4
"Descendants, total";"Theft of bicycles";9;10;15;8;5;10;12;10;10;9;19;9;13;18;7;6;12;12;16;17;20
"Descendants, total";"Theft of other objects";14;7;15;10;17;11;25;29;35;28;29;28;44;29;24;39;32;23;23;25;18
"Descendants, total";"Larceny by finding";11;11;12;20;6;11;16;12;19;17;29;30;26;13;12;16;9;15;28;20;17
"Descendants, total";"Embezzlement";6;4;4;4;9;3;13;10;4;6;4;4;6;7;6;3;5;8;15;3;7
"Descendants, total";"Fraud";32;20;21;26;34;27;22;38;48;60;61;87;76;98;159;128;111;138;135;202;157
"Descendants, total";"Fraud by cheque";2;0;0;1;0;0;0;0;2;0;0;0;0;0;0;0;0;0;0;0;0
"Descendants, total";"Fraud of agent";1;1;3;2;1;1;3;1;0;1;1;2;1;1;3;3;5;4;3;4;3
"Descendants, total";"Blackmail and usury";1;2;6;3;5;5;0;4;5;6;13;23;5;4;7;16;18;20;18;14;19
"Descendants, total";"Fraud against creditors";0;1;1;0;0;1;0;0;0;3;0;0;0;1;1;1;0;0;0;2;0
"Descendants, total";"Handling stolen goods";43;49;36;33;33;26;23;32;49;49;71;54;47;52;45;60;35;49;56;91;85
"Descendants, total";"Robbery";51;63;70;82;82;64;70;128;147;126;132;133;94;90;72;91;68;74;103;88;79
"Descendants, total";"Gross tax evasion, etc.";1;0;0;0;0;0;0;0;1;1;0;9;0;6;6;5;4;5;3;6;6
"Descendants, total";"Malicious damage to property";32;31;29;47;55;39;43;59;61;61;87;64;56;65;65;54;62;55;80;72;68
"Descendants, total";"Feloniously receiving stolen goods";3;4;3;5;3;1;2;1;3;3;4;0;1;1;1;1;1;0;1;0;1
"Descendants, total";"Misappropriations and offences against property";10;9;6;6;9;1;6;9;11;7;3;7;10;23;13;24;21;29;32;39;39
"Descendants, total";"Other offences, total";78;100;130;153;161;108;153;183;268;275;321;346;343;376;378;378;400;368;461;545;554
"Descendants, total";"Offences against public authority, etc.";29;41;53;76;74;57;55;83;107;98;145;132;138;159;144;135;164;145;216;238;228
"Descendants, total";"Offences by public servants";0;0;0;0;0;0;1;0;0;0;0;0;0;2;2;2;1;1;0;1;0
"Descendants, total";"Perjury";3;1;1;1;6;3;1;1;4;4;7;12;5;7;6;3;1;3;2;5;0
"Descendants, total";"Perjury, other";22;26;39;36;38;19;39;36;58;64;60;87;80;84;85;81;63;59;56;80;77
"Descendants, total";"Offences concerning money and evidence";3;5;7;4;6;4;7;7;9;11;11;13;14;10;6;11;9;10;12;15;19
"Descendants, total";"Trafficking of drugs, etc.";6;7;10;14;15;6;15;10;10;16;18;30;33;48;46;55;75;53;66;80;100
"Descendants, total";"Smuggling, etc. of drugs";3;1;5;4;2;8;8;1;8;2;3;7;4;4;7;5;8;15;19;22;22
"Descendants, total";"General public offences";0;1;0;0;0;1;5;19;26;26;23;28;14;15;35;38;41;25;24;26;16
"Descendants, total";"Illegal trade, etc.";0;0;1;0;0;0;0;0;0;0;1;0;0;0;1;0;0;0;0;0;0
"Descendants, total";"Family relation offences";0;0;0;1;0;0;0;0;0;0;0;0;1;1;0;1;0;0;0;1;0
"Descendants, total";"Homicide by negligence in traffic accidents";5;4;2;2;3;0;3;0;1;2;4;1;3;4;8;3;8;3;8;8;11
"Descendants, total";"Warnings";1;2;3;1;2;3;3;1;2;2;2;3;1;0;0;0;0;0;0;0;0
"Descendants, total";"Privacy infringement, defamation";6;12;9;14;15;7;16;25;43;50;47;33;50;42;38;44;30;54;58;69;81
"Descendants, total";"Trafic law, total";920;971;1529;1789;2039;1874;2076;2483;2973;3103;4072;4172;4604;4582;4453;4556;5181;6042;8312;8201;7380
"Descendants, total";"Traffic acc., unspecified";0;0;0;0;0;0;0;0;0;0;0;1;0;3;3;0;4;0;1;3;0
"Descendants, total";"Traffic acc. under influence of alcohol";12;7;8;6;5;7;8;4;7;8;6;8;14;16;8;19;12;20;17;19;17
"Descendants, total";"Drunken driving";46;55;71;66;69;48;62;69;90;102;197;201;245;254;216;130;397;419;413;349;397
"Descendants, total";"Vehicle defect offences";30;59;153;128;161;157;154;218;219;242;228;142;156;90;78;68;66;96;90;111;80
"Descendants, total";"Road Traffic Act, other";832;850;1297;1589;1804;1662;1852;2192;2657;2751;3641;3820;4189;4219;4148;4339;4702;5507;7791;7719;6886
"Descendants, total";"Special laws, total";277;361;566;735;841;669;769;890;983;1275;1813;2105;2433;2336;2677;2909;3516;4011;3688;3914;3918
"Descendants, total";"Euphoriants Act";130;190;247;376;455;361;466;522;579;626;771;856;976;953;1030;1045;1504;1695;1678;1529;1642
"Descendants, total";"Firearms Act";70;87;122;127;126;110;130;141;118;111;174;252;257;256;296;242;265;391;382;351;302
"Descendants, total";"Income Tax And Fiscal Acts";1;3;1;7;8;5;4;2;7;24;56;94;102;81;67;58;79;88;139;154;136
"Descendants, total";"Other special laws.";30;20;88;96;99;66;65;80;92;275;516;554;681;661;685;728;775;1060;805;960;1133
"Descendants, total";"Health and social security legislation";4;3;5;7;12;7;25;21;26;37;38;37;30;31;28;36;35;30;130;655;77
"Descendants, total";"Building and housing legislation";0;0;0;0;0;2;0;0;0;1;3;0;1;3;2;1;0;0;0;0;1
"Descendants, total";"Environmental Act";2;1;1;8;16;4;4;7;7;14;22;15;22;22;19;21;41;34;61;66;59
"Descendants, total";"Other legislation applying to animals, hunting, etc";1;0;5;6;11;5;5;14;22;24;28;15;13;15;21;9;19;19;25;22;29
"Descendants, total";"Employ. and transport legislation, other";13;22;66;64;56;31;24;28;43;66;76;71;92;54;64;125;117;197;222;86;119
"Descendants, total";"Companies Act";9;9;10;12;2;2;0;0;3;1;4;2;2;1;11;8;2;5;27;19;25
"Descendants, total";"Other legislation applying to the Armed Forces";10;21;15;24;38;54;25;52;62;53;59;162;208;204;408;586;632;444;186;41;367
"Descendants, total";"Legislation applying to public utilities";0;0;0;1;1;0;0;0;2;1;3;0;0;1;0;2;4;1;1;0;0
"Descendants, total";"Other legislation relating to gambling, licencing, trade";7;5;6;7;17;21;21;22;22;42;62;46;47;53;39;44;33;37;24;22;25
"Descendants, total";"Other special laws";0;0;0;0;0;1;0;1;0;0;1;1;2;1;7;4;10;10;8;9;3
"Descendants from western countries";"Criminal decisions total";373;349;382;488;463;332;358;372;385;424;468;499;473;501;465;453;485;540;636;636;598
"Descendants from western countries";"Criminal code, total";123;121;131;134;119;79;98;116;102;123;135;139;96;117;107;98;102;107;109;121;95
"Descendants from western countries";"Sexual offenses, total";0;3;4;3;1;0;3;3;1;2;3;1;3;2;4;2;1;3;2;6;1
"Descendants from western countries";"Incest, etc.";0;0;0;0;0;0;0;0;0;0;0;0;0;0;0;0;0;0;0;0;0
"Descendants from western countries";"Rape, etc";0;0;0;0;0;0;0;0;0;0;0;0;0;0;0;1;1;0;0;1;0
"Descendants from western countries";"Heterosexual offences with children under 12 years";0;0;0;0;0;0;1;0;0;0;0;0;0;0;0;0;0;0;0;0;0
"Descendants from western countries";"Sexual offence against child under 12 years (New from 2013)";0;0;0;0;0;0;0;0;0;0;0;0;1;0;0;0;0;0;0;0;0
"Descendants from western countries";"Heterosexual offences, other";0;1;1;2;0;0;1;1;0;1;0;0;0;0;0;0;0;0;0;0;0
"Descendants from western countries";"Sexual offence against child under 15 years (New from 2013)";0;0;0;0;0;0;0;0;0;0;0;0;0;0;2;0;0;0;0;1;0
"Descendants from western countries";"Sexual offence, other (New from 2013)";0;0;0;0;0;0;0;0;0;0;0;0;0;0;1;0;0;0;0;0;0
"Descendants from western countries";"Homosexual offences, with children under 12 years";0;0;0;0;0;0;0;0;0;0;0;0;0;0;0;0;0;0;0;0;0
"Descendants from western countries";"Homosexual offences, other";0;0;0;0;0;0;1;0;0;0;0;0;0;0;0;0;0;0;0;0;0
"Descendants from western countries";"Offences against decency, by  pawing";0;0;0;0;0;0;0;0;1;0;0;0;0;0;0;0;0;0;0;0;0
"Descendants from western countries";"Offences against decency, by removing clothes";0;1;1;0;0;0;0;1;0;0;1;1;0;0;0;1;0;0;1;1;0
"Descendants from western countries";"Offences against decency, other";0;1;0;0;1;0;0;0;0;0;1;0;2;2;1;0;0;1;1;1;1
"Descendants from western countries";"Prostitution, etc.";0;0;2;1;0;0;0;1;0;1;1;0;0;0;0;0;0;2;0;2;0
"Descendants from western countries";"Crimes of violence, total";21;19;33;29;32;20;29;22;28;30;28;25;19;25;24;26;33;34;32;39;28
"Descendants from western countries";"Assault against public servant while in discharge of his duties";9;1;4;8;8;9;5;1;13;7;7;7;4;7;7;7;5;7;7;11;8
"Descendants from western countries";"Disturbance of public order";0;0;0;0;0;0;1;0;0;0;1;0;1;1;1;0;1;0;1;0;1
"Descendants from western countries";"Homicide";0;0;0;0;0;0;0;0;0;0;1;0;0;0;0;0;0;0;0;1;1
"Descendants from western countries";"Attempted homicide";0;0;0;0;0;0;0;0;0;0;0;0;0;0;0;0;0;0;0;0;0
"Descendants from western countries";"Coercive control etc";0;0;0;0;0;0;0;0;0;0;0;0;0;0;0;0;0;0;0;0;0
"Descendants from western countries";"Common assault";9;11;21;12;13;10;15;17;9;16;15;9;9;8;10;9;12;17;11;13;10
"Descendants from western countries";"Grievous assault";2;2;4;3;5;0;2;2;3;3;2;4;1;4;3;5;10;6;5;8;5
"Descendants from western countries";"Particularly grievous assault";0;0;1;0;0;0;0;0;0;0;0;0;0;0;0;0;0;0;0;0;0
"Descendants from western countries";"Assault, unprovoked";0;0;0;0;0;0;0;0;0;0;0;0;0;0;0;0;0;0;0;0;0
"Descendants from western countries";"Intentional bodily harm";0;0;0;0;0;0;0;0;0;0;0;0;0;0;0;0;0;0;0;0;0
"Descendants from western countries";"Homicide by negligence/bodily harm";0;0;0;0;0;0;0;0;0;0;1;0;0;0;0;0;0;0;0;0;0
"Descendants from western countries";"Other offences against life and limb";0;1;0;0;0;0;0;0;1;0;0;2;0;1;0;0;1;1;1;3;0
"Descendants from western countries";"Offences against personal liberty";0;0;0;3;0;0;3;0;0;1;0;1;1;0;1;1;1;0;1;0;1
"Descendants from western countries";"Threats";1;4;3;3;6;1;3;2;2;3;1;2;3;4;2;4;3;3;6;3;2
"Descendants from western countries";"Offenses against property, total";106;92;92;101;82;58;60;84;73;82;105;100;71;85;78;62;64;62;62;61;56
"Descendants from western countries";"Forgery";5;1;1;1;3;1;0;2;1;2;1;1;2;0;1;1;2;4;1;1;0
"Descendants from western countries";"Cheque forgery";2;0;0;1;0;0;0;0;0;0;1;0;0;0;0;0;0;0;0;0;0
"Descendants from western countries";"Arson";4;3;0;0;1;1;1;0;0;1;0;1;1;1;1;0;1;2;1;1;1
"Descendants from western countries";"Burglary (banks, shops, etc.)";3;7;7;8;2;1;4;3;3;4;3;5;3;3;3;1;0;2;1;1;3
"Descendants from western countries";"Household burglary";3;2;5;4;3;4;1;4;2;3;3;4;2;1;2;1;2;4;4;1;2
"Descendants from western countries";"Burglary (uninhabited buildings)";1;1;1;0;0;0;0;1;2;0;0;1;0;1;0;0;0;0;0;0;1
"Descendants from western countries";"Theft from cars, boats, etc.";0;0;0;2;0;0;1;3;1;0;0;0;2;0;0;1;1;0;1;0;0
"Descendants from western countries";"Shoplifting, etc.";34;29;41;41;32;21;26;36;29;39;39;41;33;40;44;27;36;32;28;32;28
"Descendants from western countries";"Other theft";9;16;11;9;6;6;6;6;7;9;16;15;7;4;7;5;1;4;3;5;2
"Descendants from western countries";"Theft of vehicle";5;4;2;1;3;2;1;4;4;1;2;1;1;2;2;2;2;1;2;1;2
"Descendants from western countries";"Theft of mopeds";2;1;2;2;3;2;2;3;1;1;0;0;3;0;2;0;0;0;0;0;0
"Descendants from western countries";"Theft of bicycles";0;1;1;1;2;3;0;1;0;1;3;1;0;3;1;0;1;0;0;0;1
"Descendants from western countries";"Theft of other objects";1;0;1;1;2;0;3;3;2;2;4;0;1;2;0;1;2;0;1;1;0
"Descendants from western countries";"Larceny by finding";1;2;4;0;1;2;1;0;0;0;2;3;0;1;1;1;2;0;0;3;0
"Descendants from western countries";"Embezzlement";1;1;1;2;0;1;0;3;1;0;1;0;1;0;0;0;0;0;0;0;1
"Descendants from western countries";"Fraud";8;4;2;4;5;2;4;2;1;3;7;8;3;4;5;6;7;4;5;6;2
"Descendants from western countries";"Fraud by cheque";1;0;0;0;0;0;0;0;0;0;0;0;0;0;0;0;0;0;0;0;0
"Descendants from western countries";"Fraud of agent";0;0;1;1;0;0;0;0;0;0;0;1;0;1;0;0;1;0;0;0;0
"Descendants from western countries";"Blackmail and usury";0;0;0;0;0;0;0;0;0;0;0;0;0;0;0;0;0;0;3;0;0
"Descendants from western countries";"Fraud against creditors";0;1;0;0;0;0;0;0;0;0;0;0;0;0;0;0;0;0;0;0;0
"Descendants from western countries";"Handling stolen goods";8;6;1;6;2;3;1;0;2;5;7;4;3;5;2;4;2;3;4;4;1
"Descendants from western countries";"Robbery";3;5;4;3;2;4;3;4;5;3;3;4;4;4;2;5;1;2;4;1;4
"Descendants from western countries";"Gross tax evasion, etc.";1;0;0;0;0;0;0;0;0;0;0;2;0;1;0;0;1;1;0;0;0
"Descendants from western countries";"Malicious damage to property";11;7;6;13;14;5;6;8;11;8;12;8;3;8;4;5;2;3;4;3;6
"Descendants from western countries";"Feloniously receiving stolen goods";0;1;0;1;0;0;0;0;0;0;1;0;0;1;0;0;0;0;0;0;1
"Descendants from western countries";"Misappropriations and offences against property";3;0;1;0;1;0;0;1;1;0;0;0;2;3;1;2;0;0;0;1;1
"Descendants from western countries";"Other offences, total";5;13;11;16;13;3;12;12;6;14;5;17;8;15;11;11;14;14;24;20;16
"Descendants from western countries";"Offences against public authority, etc.";2;4;5;5;8;1;4;3;2;3;1;5;3;7;4;4;8;6;14;8;7
"Descendants from western countries";"Offences by public servants";0;0;0;0;0;0;0;0;0;0;0;0;0;0;0;0;0;0;0;0;0
"Descendants from western countries";"Perjury";0;0;0;1;0;0;0;0;0;0;1;0;0;0;0;0;0;0;0;0;0
"Descendants from western countries";"Perjury, other";1;2;1;3;3;0;2;1;2;2;2;3;2;2;2;0;0;2;1;2;1
"Descendants from western countries";"Offences concerning money and evidence";1;0;0;0;0;0;1;1;0;1;0;2;0;0;0;1;0;0;0;1;3
"Descendants from western countries";"Trafficking of drugs, etc.";0;1;2;2;2;1;1;0;0;2;0;1;2;3;2;3;3;0;4;5;5
"Descendants from western countries";"Smuggling, etc. of drugs";1;0;0;1;0;0;1;0;0;0;0;2;0;0;0;1;2;2;1;1;0
"Descendants from western countries";"General public offences";0;0;0;0;0;0;0;1;0;2;0;2;0;0;1;2;0;2;0;0;0
"Descendants from western countries";"Illegal trade, etc.";0;0;1;0;0;0;0;0;0;0;0;0;0;0;0;0;0;0;0;0;0
"Descendants from western countries";"Family relation offences";0;0;0;0;0;0;0;0;0;0;0;0;0;1;0;0;0;0;0;0;0
"Descendants from western countries";"Homicide by negligence in traffic accidents";0;2;0;0;0;0;0;0;0;0;1;0;0;0;1;0;0;0;0;0;0
"Descendants from western countries";"Warnings";0;0;1;0;0;1;1;0;0;0;0;0;0;0;0;0;0;0;0;0;0
"Descendants from western countries";"Privacy infringement, defamation";0;4;1;4;0;0;2;6;2;4;0;2;1;2;1;0;1;2;4;3;0
"Descendants from western countries";"Trafic law, total";225;199;227;301;280;217;216;210;241;226;264;273;272;282;256;257;263;285;412;398;358
"Descendants from western countries";"Traffic acc., unspecified";0;0;0;0;0;0;0;0;0;0;0;0;0;0;0;0;0;0;0;0;0
"Descendants from western countries";"Traffic acc. under influence of alcohol";5;2;1;4;1;4;4;2;1;2;1;2;1;5;0;4;2;3;5;1;3
"Descendants from western countries";"Drunken driving";23;21;22;18;23;13;19;6;19;16;15;14;15;19;17;5;19;19;27;17;19
"Descendants from western countries";"Vehicle defect offences";5;15;17;18;16;11;12;12;12;11;20;13;9;7;12;5;5;6;13;6;11
"Descendants from western countries";"Road Traffic Act, other";192;161;187;261;240;189;181;190;209;197;228;244;247;251;227;243;237;257;367;374;325
"Descendants from western countries";"Special laws, total";47;53;60;95;100;55;70;69;73;115;115;143;153;143;149;137;177;201;183;186;208
"Descendants from western countries";"Euphoriants Act";30;39;28;58;51;35;39;42;47;64;52;58;60;61;53;50;74;62;78;65;60
"Descendants from western countries";"Firearms Act";5;6;13;8;11;6;12;12;8;9;7;8;9;4;14;7;18;28;16;11;18
"Descendants from western countries";"Income Tax And Fiscal Acts";1;0;0;1;1;0;1;0;1;0;2;7;12;1;3;4;2;4;10;7;3
"Descendants from western countries";"Other special laws.";0;1;10;10;16;3;10;3;6;25;31;45;58;62;54;45;50;75;55;67;98
"Descendants from western countries";"Health and social security legislation";2;2;1;1;2;1;0;2;0;1;0;0;0;2;2;3;0;4;5;28;3
"Descendants from western countries";"Building and housing legislation";0;0;0;0;0;1;0;0;0;0;0;0;0;0;0;0;0;0;0;0;0
"Descendants from western countries";"Environmental Act";2;1;0;2;1;0;1;1;0;1;5;3;2;3;1;2;2;0;4;3;5
"Descendants from western countries";"Other legislation applying to animals, hunting, etc";1;0;1;2;5;1;2;2;4;5;3;7;2;3;4;2;6;5;5;1;2
"Descendants from western countries";"Employ. and transport legislation, other";3;3;5;9;7;1;1;1;1;4;6;1;1;2;0;3;1;5;6;1;6
"Descendants from western countries";"Companies Act";1;0;0;1;1;0;0;0;0;0;1;1;0;0;2;1;0;0;2;1;2
"Descendants from western countries";"Other legislation applying to the Armed Forces";1;0;2;2;4;4;1;2;3;2;2;10;5;4;15;18;18;14;1;0;7
"Descendants from western countries";"Legislation applying to public utilities";0;0;0;1;0;0;0;0;0;1;0;0;0;0;0;0;1;0;0;0;0
"Descendants from western countries";"Other legislation relating to gambling, licencing, trade";1;1;0;0;1;3;3;4;3;3;6;2;3;1;1;2;4;2;1;2;4
"Descendants from western countries";"Other special laws";0;0;0;0;0;0;0;0;0;0;0;1;1;0;0;0;1;2;0;0;0
"Descendants from non-western countries";"Criminal decisions total";1346;1611;2364;2632;3037;2787;3198;3800;4577;4883;5969;6211;6973;7036;7308;7757;8591;9839;11699;11935;11262
"Descendants from non-western countries";"Criminal code, total";654;776;940;964;1027;903;1087;1294;1681;1692;1820;1805;1845;1921;1933;2054;1938;2060;2246;2294;2258
"Descendants from non-western countries";"Sexual offenses, total";10;10;5;11;8;9;20;13;13;11;9;9;11;16;21;26;21;69;57;57;62
"Descendants from non-western countries";"Incest, etc.";0;0;0;0;0;0;0;0;0;0;0;0;0;0;0;0;0;0;0;0;0
"Descendants from non-western countries";"Rape, etc";4;5;0;4;1;3;7;4;5;2;1;1;5;4;5;5;2;8;14;13;12
"Descendants from non-western countries";"Heterosexual offences with children under 12 years";0;0;1;2;0;0;0;0;0;0;1;0;0;0;0;0;0;0;0;0;0
"Descendants from non-western countries";"Sexual offence against child under 12 years (New from 2013)";0;0;0;0;0;0;0;0;0;0;0;0;0;0;2;0;0;1;0;0;0
"Descendants from non-western countries";"Heterosexual offences, other";2;0;0;2;2;0;4;5;1;2;1;0;0;0;0;0;0;0;0;0;0
"Descendants from non-western countries";"Sexual offence against child under 15 years (New from 2013)";0;0;0;0;0;0;0;0;0;0;0;1;1;0;2;2;2;1;2;2;5
"Descendants from non-western countries";"Sexual offence, other (New from 2013)";0;0;0;0;0;0;0;0;0;0;0;0;1;1;1;0;3;2;4;1;0
"Descendants from non-western countries";"Homosexual offences, with children under 12 years";0;0;0;0;0;1;0;0;0;0;0;0;0;0;0;0;0;0;0;0;0
"Descendants from non-western countries";"Homosexual offences, other";0;0;0;0;0;1;0;0;0;0;0;0;0;0;0;0;0;0;0;0;0
"Descendants from non-western countries";"Offences against decency, by  pawing";3;2;1;1;4;2;3;1;1;3;3;3;1;5;4;8;3;6;4;6;5
"Descendants from non-western countries";"Offences against decency, by removing clothes";0;1;1;1;0;1;3;0;0;1;2;1;2;2;6;3;3;3;6;6;5
"Descendants from non-western countries";"Offences against decency, other";1;1;1;1;1;1;3;2;3;3;0;3;1;3;1;6;6;17;12;11;12
"Descendants from non-western countries";"Prostitution, etc.";0;1;1;0;0;0;0;1;3;0;1;0;0;1;0;2;2;31;15;18;23
"Descendants from non-western countries";"Crimes of violence, total";166;208;301;286;335;306;368;406;507;437;483;447;466;471;494;651;644;689;790;671;663
"Descendants from non-western countries";"Assault against public servant while in discharge of his duties";26;35;46;57;70;52;60;71;106;100;96;113;107;118;123;154;148;146;198;155;191
"Descendants from non-western countries";"Disturbance of public order";1;0;0;0;0;0;1;5;0;0;4;2;1;1;1;5;0;13;14;5;17
"Descendants from non-western countries";"Homicide";0;1;1;0;3;0;3;1;3;1;3;1;4;2;1;1;2;0;3;3;5
"Descendants from non-western countries";"Attempted homicide";1;1;1;1;1;1;0;6;5;1;0;4;6;4;6;10;9;11;8;8;9
"Descendants from non-western countries";"Coercive control etc";0;0;0;0;0;0;0;0;0;0;0;0;0;0;0;0;0;0;0;0;1
"Descendants from non-western countries";"Common assault";94;103;179;136;166;174;213;219;255;217;242;199;194;208;197;293;291;268;320;258;227
"Descendants from non-western countries";"Grievous assault";28;30;43;42;50;36;45;55;69;58;66;81;78;70;81;104;104;161;117;147;115
"Descendants from non-western countries";"Particularly grievous assault";0;0;1;3;0;0;2;0;1;1;0;1;0;2;1;1;0;0;0;0;1
"Descendants from non-western countries";"Assault, unprovoked";0;0;0;0;0;0;0;0;0;0;0;0;0;0;0;0;0;0;0;0;0
"Descendants from non-western countries";"Intentional bodily harm";0;0;0;0;0;0;0;0;0;0;0;0;0;0;0;0;0;0;0;0;0
"Descendants from non-western countries";"Homicide by negligence/bodily harm";0;1;0;1;0;0;0;0;1;0;0;0;0;0;3;0;2;2;0;0;0
"Descendants from non-western countries";"Other offences against life and limb";2;2;3;7;5;2;1;2;7;4;9;10;16;11;17;13;15;15;19;15;17
"Descendants from non-western countries";"Offences against personal liberty";2;4;4;10;6;5;4;9;7;10;13;6;7;10;6;17;16;6;26;14;20
"Descendants from non-western countries";"Threats";12;31;23;29;34;36;39;38;53;45;50;30;53;45;58;53;57;67;85;66;60
"Descendants from non-western countries";"Offenses against property, total";459;538;591;617;625;544;636;812;1029;1128;1201;1199;1222;1263;1224;1179;1049;1115;1156;1238;1194
"Descendants from non-western countries";"Forgery";13;22;16;22;15;9;16;9;20;30;28;29;21;31;37;101;52;37;32;36;35
"Descendants from non-western countries";"Cheque forgery";2;3;4;2;5;0;0;0;3;1;1;1;0;1;0;0;0;2;0;0;0
"Descendants from non-western countries";"Arson";0;0;6;4;7;8;17;28;12;21;7;13;7;10;9;7;8;15;14;15;11
"Descendants from non-western countries";"Burglary (banks, shops, etc.)";31;50;45;43;41;31;41;53;67;70;67;65;61;81;61;51;23;30;41;35;31
"Descendants from non-western countries";"Household burglary";13;14;18;29;31;28;30;30;68;92;119;76;89;63;53;45;24;25;33;29;19
"Descendants from non-western countries";"Burglary (uninhabited buildings)";0;0;1;3;6;5;9;0;4;5;10;6;9;5;6;4;3;2;1;1;5
"Descendants from non-western countries";"Theft from cars, boats, etc.";13;10;15;15;11;14;8;8;20;12;22;15;12;15;19;5;6;14;5;10;12
"Descendants from non-western countries";"Shoplifting, etc.";108;109;160;155;133;126;133;198;248;313;310;348;428;418;415;374;389;414;384;358;389
"Descendants from non-western countries";"Other theft";63;88;77;78;89;88;116;119;141;163;170;179;190;204;164;122;104;104;105;129;130
"Descendants from non-western countries";"Theft of vehicle";30;38;33;30;34;22;25;39;54;47;34;35;35;46;43;45;65;44;45;57;56
"Descendants from non-western countries";"Theft of mopeds";8;20;17;21;23;33;24;17;20;19;20;13;8;14;12;2;11;9;4;4;4
"Descendants from non-western countries";"Theft of bicycles";9;9;14;7;3;7;12;9;10;8;16;8;13;15;6;6;11;12;16;17;19
"Descendants from non-western countries";"Theft of other objects";13;7;14;9;15;11;22;26;33;26;25;28;43;27;24;38;30;23;22;24;18
"Descendants from non-western countries";"Larceny by finding";10;9;8;20;5;9;15;12;19;17;27;27;26;12;11;15;7;15;28;17;17
"Descendants from non-western countries";"Embezzlement";5;3;3;2;9;2;13;7;3;6;3;4;5;7;6;3;5;8;15;3;6
"Descendants from non-western countries";"Fraud";24;16;19;22;29;25;18;36;47;57;54;79;73;94;154;122;104;134;130;196;155
"Descendants from non-western countries";"Fraud by cheque";1;0;0;1;0;0;0;0;2;0;0;0;0;0;0;0;0;0;0;0;0
"Descendants from non-western countries";"Fraud of agent";1;1;2;1;1;1;3;1;0;1;1;1;1;0;3;3;4;4;3;4;3
"Descendants from non-western countries";"Blackmail and usury";1;2;6;3;5;5;0;4;5;6;13;23;5;4;7;16;18;20;15;14;19
"Descendants from non-western countries";"Fraud against creditors";0;0;1;0;0;1;0;0;0;3;0;0;0;1;1;1;0;0;0;2;0
"Descendants from non-western countries";"Handling stolen goods";35;43;35;27;31;23;22;32;47;44;64;50;44;47;43;56;33;46;52;87;84
"Descendants from non-western countries";"Robbery";48;58;66;79;80;60;67;124;142;123;129;129;90;86;70;86;67;72;99;87;75
"Descendants from non-western countries";"Gross tax evasion, etc.";0;0;0;0;0;0;0;0;1;1;0;7;0;5;6;5;3;4;3;6;6
"Descendants from non-western countries";"Malicious damage to property";21;24;23;34;41;34;37;51;50;53;75;56;53;57;61;49;60;52;76;69;62
"Descendants from non-western countries";"Feloniously receiving stolen goods";3;3;3;4;3;1;2;1;3;3;3;0;1;0;1;1;1;0;1;0;0
"Descendants from non-western countries";"Misappropriations and offences against property";7;9;5;6;8;1;6;8;10;7;3;7;8;20;12;22;21;29;32;38;38
"Descendants from non-western countries";"Other offences, total";73;87;119;137;148;105;141;171;262;261;316;329;335;361;367;367;386;354;437;525;538
"Descendants from non-western countries";"Offences against public authority, etc.";27;37;48;71;66;56;51;80;105;95;144;127;135;152;140;131;156;139;202;230;221
"Descendants from non-western countries";"Offences by public servants";0;0;0;0;0;0;1;0;0;0;0;0;0;2;2;2;1;1;0;1;0
"Descendants from non-western countries";"Perjury";3;1;1;0;6;3;1;1;4;4;6;12;5;7;6;3;1;3;2;5;0
"Descendants from non-western countries";"Perjury, other";21;24;38;33;35;19;37;35;56;62;58;84;78;82;83;81;63;57;55;78;76
"Descendants from non-western countries";"Offences concerning money and evidence";2;5;7;4;6;4;6;6;9;10;11;11;14;10;6;10;9;10;12;14;16
"Descendants from non-western countries";"Trafficking of drugs, etc.";6;6;8;12;13;5;14;10;10;14;18;29;31;45;44;52;72;53;62;75;95
"Descendants from non-western countries";"Smuggling, etc. of drugs";2;1;5;3;2;8;7;1;8;2;3;5;4;4;7;4;6;13;18;21;22
"Descendants from non-western countries";"General public offences";0;1;0;0;0;1;5;18;26;24;23;26;14;15;34;36;41;23;24;26;16
"Descendants from non-western countries";"Illegal trade, etc.";0;0;0;0;0;0;0;0;0;0;1;0;0;0;1;0;0;0;0;0;0
"Descendants from non-western countries";"Family relation offences";0;0;0;1;0;0;0;0;0;0;0;0;1;0;0;1;0;0;0;1;0
"Descendants from non-western countries";"Homicide by negligence in traffic accidents";5;2;2;2;3;0;3;0;1;2;3;1;3;4;7;3;8;3;8;8;11
"Descendants from non-western countries";"Warnings";1;2;2;1;2;2;2;1;2;2;2;3;1;0;0;0;0;0;0;0;0
"Descendants from non-western countries";"Privacy infringement, defamation";6;8;8;10;15;7;14;19;41;46;47;31;49;40;37;44;29;52;54;66;81
"Descendants from non-western countries";"Trafic law, total";695;772;1302;1488;1759;1657;1860;2273;2732;2877;3808;3899;4332;4300;4197;4299;4918;5757;7900;7803;7022
"Descendants from non-western countries";"Traffic acc., unspecified";0;0;0;0;0;0;0;0;0;0;0;1;0;3;3;0;4;0;1;3;0
"Descendants from non-western countries";"Traffic acc. under influence of alcohol";7;5;7;2;4;3;4;2;6;6;5;6;13;11;8;15;10;17;12;18;14
"Descendants from non-western countries";"Drunken driving";23;34;49;48;46;35;43;63;71;86;182;187;230;235;199;125;378;400;386;332;378
"Descendants from non-western countries";"Vehicle defect offences";25;44;136;110;145;146;142;206;207;231;208;129;147;83;66;63;61;90;77;105;69
"Descendants from non-western countries";"Road Traffic Act, other";640;689;1110;1328;1564;1473;1671;2002;2448;2554;3413;3576;3942;3968;3921;4096;4465;5250;7424;7345;6561
"Descendants from non-western countries";"Special laws, total";230;308;506;640;741;614;699;821;910;1160;1698;1962;2280;2193;2528;2772;3339;3810;3505;3728;3710
"Descendants from non-western countries";"Euphoriants Act";100;151;219;318;404;326;427;480;532;562;719;798;916;892;977;995;1430;1633;1600;1464;1582
"Descendants from non-western countries";"Firearms Act";65;81;109;119;115;104;118;129;110;102;167;244;248;252;282;235;247;363;366;340;284
"Descendants from non-western countries";"Income Tax And Fiscal Acts";0;3;1;6;7;5;3;2;6;24;54;87;90;80;64;54;77;84;129;147;133
"Descendants from non-western countries";"Other special laws.";30;19;78;86;83;63;55;77;86;250;485;509;623;599;631;683;725;985;750;893;1035
"Descendants from non-western countries";"Health and social security legislation";2;1;4;6;10;6;25;19;26;36;38;37;30;29;26;33;35;26;125;627;74
"Descendants from non-western countries";"Building and housing legislation";0;0;0;0;0;1;0;0;0;1;3;0;1;3;2;1;0;0;0;0;1
"Descendants from non-western countries";"Environmental Act";0;0;1;6;15;4;3;6;7;13;17;12;20;19;18;19;39;34;57;63;54
"Descendants from non-western countries";"Other legislation applying to animals, hunting, etc";0;0;4;4;6;4;3;12;18;19;25;8;11;12;17;7;13;14;20;21;27
"Descendants from non-western countries";"Employ. and transport legislation, other";10;19;61;55;49;30;23;27;42;62;70;70;91;52;64;122;116;192;216;85;113
"Descendants from non-western countries";"Companies Act";8;9;10;11;1;2;0;0;3;1;3;1;2;1;9;7;2;5;25;18;23
"Descendants from non-western countries";"Other legislation applying to the Armed Forces";9;21;13;22;34;50;24;50;59;51;57;152;203;200;393;568;614;430;185;41;360
"Descendants from non-western countries";"Legislation applying to public utilities";0;0;0;0;1;0;0;0;2;0;3;0;0;1;0;2;3;1;1;0;0
"Descendants from non-western countries";"Other legislation relating to gambling, licencing, trade";6;4;6;7;16;18;18;18;19;39;56;44;44;52;38;42;29;35;23;20;21
"Descendants from non-western countries";"Other special laws";0;0;0;0;0;1;0;1;0;0;1;0;1;1;7;4;9;8;8;9;3
